Steps,Reward,Accumulated reward,velocity,Throttle,Steer,deviation,Distance,Distance right front,Distance right,Distance right back
1,0.6044677365900266,0.6044677365900266,0.0,0.38733020424842834,-0.03922880440950394,3.0,8.091318740253188,0,0,0
2,0.6068604866220316,1.2113282232120581,0.00137678615283221,0.38776183128356934,-0.03931714594364166,3.0,8.166472058230442,0,0,0
3,0.6092375373392879,1.8205657605513461,6.430148641811684e-05,0.3884388506412506,-0.039031848311424255,3.0,8.237001978108694,0,0,0
4,0.613882874679927,2.434448635231273,0.0004455424495972693,0.3890821635723114,-0.03890208154916763,3.0,8.379570732229235,0,0,0
5,0.61773073912593,3.052179374357203,0.0002189159276895225,0.3903968036174774,-0.03891522437334061,3.0,8.499000039894389,0,0,0
6,0.6211706587714647,3.673350033128668,0.0001395130093442276,0.3914579451084137,-0.03900482505559921,3.0,8.606629556459541,0,0,0
7,0.6259675339532313,4.299317567081899,0.0006525039789266884,0.3926219642162323,-0.038990817964076996,3.0,8.755177608581024,0,0,0
8,0.6325881011057182,4.931905668187618,0.0003547191445250064,0.3939746916294098,-0.03890179097652435,3.0,8.959429534374499,0,0,0
9,0.6380761937627858,5.569981861950404,0.0009234905010089278,0.39607158303260803,-0.038940154016017914,3.0,9.12998514039513,0,0,0
10,0.6459198818777963,6.2159017438282,0.0007005023653618991,0.3974754810333252,-0.038966961205005646,3.0,9.373436265838532,0,0,0
11,0.6533006119663441,6.869202355794544,0.0007690811180509627,0.39952293038368225,-0.03892063349485397,3.0,9.601725984649693,0,0,0
12,0.6614911166530517,7.530693472447595,0.0006996297743171453,0.40174055099487305,-0.03895983844995499,3.0,9.856065684797677,0,0,0
13,0.6689764416824164,8.199669914130011,0.4240112900733948,0.404189795255661,-0.0389786958694458,3.0,10.088319539280919,0,0,0
14,0.6766324812421236,8.876302395372134,0.7382298111915588,0.4062395691871643,-0.039209187030792236,3.0,10.328208632061033,0,0,0
15,0.6799183749322455,9.55622077030438,0.9410800337791443,0.4088745415210724,-0.037333324551582336,4.0,10.548802859006415,0,0,0
16,0.6932462434399667,10.249467013744347,1.0505390167236328,0.41156283020973206,-0.034350521862506866,3.0,10.789442895831005,0,0,0
17,0.7010295653687681,10.950496579113116,1.1626683473587036,0.4128204882144928,-0.03601642698049545,3.0,11.049169825144443,0,0,0
18,0.7103939488992843,11.6608905280124,1.2166635990142822,0.4155994653701782,-0.037627026438713074,3.0,11.35729735144928,0,0,0
19,0.7235386519856313,12.384429179998032,1.2753397226333618,0.43754833936691284,-0.01729360781610012,3.0,11.539663155232821,0,0,0
20,0.7257955990772017,13.110224779075233,1.3404953479766846,0.41988322138786316,-0.03928140550851822,3.0,11.853064846666134,0,0,0
21,0.7645897146117626,13.874814493686996,1.4436076879501343,0.43078163266181946,-0.04080922156572342,3.0,12.070306229427647,0,0,0
22,0.7719720988100954,14.646786592497092,1.4908229112625122,0.4248421788215637,-0.0395069345831871,3.0,12.35753038183889,0,0,0
23,0.7811971472249336,15.427983739722025,1.5396310091018677,0.4275381565093994,-0.03848445415496826,3.0,12.692144847846848,0,0,0
24,0.7961578569933294,16.224141596715356,1.5975154638290405,0.4545975625514984,-0.033279262483119965,2.0,12.918706884616908,0,0,0
25,0.7963529287510481,17.020494525466404,1.6499778032302856,0.45314207673072815,-0.03968183696269989,3.0,13.213322979054647,0,0,0
26,0.809148990154848,17.829643515621253,1.6948689222335815,0.4573036730289459,-0.034805722534656525,2.0,13.43449992966032,0,0,0
27,0.8066524830900497,18.636295998711304,1.7313264608383179,0.4386334717273712,-0.04454430192708969,3.0,13.726574455265524,0,0,0
28,0.8159978628760747,19.45229386158738,1.8139222860336304,0.44011345505714417,-0.03996577113866806,3.0,14.020565213405645,0,0,0
29,0.824834066832316,20.277127928419695,1.9167702198028564,0.44277921319007874,-0.03712677210569382,3.0,14.315070220645813,0,0,0
30,0.8328113831202993,21.109939311539993,1.9626266956329346,0.44675949215888977,-0.038797527551651,3.0,14.634460304610355,0,0,0
31,0.8447220437995928,21.954661355339585,2.0288562774658203,0.462939977645874,-0.03443185240030289,3.0,14.983331095792655,0,0,0
32,0.8539841666353882,22.808645521974974,2.065765142440796,0.46491438150405884,-0.03322017937898636,3.0,15.319093987420056,0,0,0
33,0.8645320589669776,23.673177580941953,2.155186176300049,0.46536457538604736,-0.03028755448758602,3.0,15.685785630426968,0,0,0
34,0.8739956435741016,24.547173224516055,2.211240530014038,0.4635453522205353,-0.02194875292479992,3.0,15.942971051416194,0,0,0
35,0.8814379204164838,25.42861114493254,2.2789433002471924,0.46859559416770935,-0.02877509407699108,3.0,16.30952289169245,0,0,0
36,0.8955946490294668,26.324205793962005,2.3306233882904053,0.47219473123550415,-0.030637679621577263,2.0,16.67850076551628,0,0,0
37,0.9005320464837183,27.224737840445723,2.372992753982544,0.46960487961769104,-0.02804664336144924,3.0,17.036079888284394,0,0,0
38,0.9090503903355749,28.1337882307813,2.4078400135040283,0.4739033877849579,-0.021142667159438133,3.0,17.256739014029442,0,0,0
39,0.9202368585260026,29.054025089307302,2.445596694946289,0.4775979816913605,-0.02828384004533291,2.0,17.583362928822094,0,0,0
40,0.9257927368955287,29.97981782620283,2.5029256343841553,0.47773656249046326,-0.027834294363856316,3.0,17.985734324016555,0,0,0
41,0.938132858853537,30.917950685056365,2.549525737762451,0.4805991053581238,-0.01819211058318615,3.0,18.32122948562888,0,0,0
42,0.947994423669438,31.865945108725803,2.619173288345337,0.47947368025779724,-0.02188323251903057,2.0,18.56433179854126,0,0,0
43,0.9543503802353152,32.82029548896112,2.673595666885376,0.4798191487789154,-0.028086265549063683,2.0,18.895355086434005,0,0,0
44,0.962773641985547,33.78306913094667,2.7558071613311768,0.48258206248283386,-0.027566304430365562,2.0,19.205638679937937,0,0,0
45,0.9063534505012489,34.68942258144792,2.82918119430542,0.4839661419391632,-0.025878017768263817,3.0,nan,0,0,0
46,0.9187524618293558,35.60817504327728,2.8941073417663574,0.4857187271118164,-0.02180764637887478,2.0,nan,0,0,0
47,0.9153812089292777,36.52355625220655,2.9588160514831543,0.485390305519104,-0.02409089170396328,2.0,nan,0,0,0
48,0.9140008717931453,37.437557123999696,3.0275092124938965,0.485298216342926,-0.025035640224814415,2.0,nan,0,0,0
49,0.9069370644135134,38.34449418841321,3.1009132862091064,0.485159307718277,-0.025747893378138542,3.0,nan,0,0,0
50,0.9126678168475628,39.25716200526077,3.1881461143493652,0.4856756329536438,-0.021856842562556267,3.0,nan,0,0,0
51,0.9210403506401039,40.17820235590087,3.2530508041381836,0.4859674274921417,-0.02026415430009365,2.0,nan,0,0,0
52,0.9094059746591818,41.08760833056005,3.33147931098938,0.4854409098625183,-0.024085363373160362,3.0,nan,0,0,0
53,0.9156149734755357,42.003223304035586,3.409987449645996,0.48597002029418945,-0.019862523302435875,3.0,nan,0,0,0
54,0.9188486460830484,42.922071950118635,3.4977729320526123,0.48616209626197815,-0.017643770202994347,3.0,nan,0,0,0
55,0.9157876268440769,43.837859576962714,3.585798740386963,0.48587560653686523,-0.01971963606774807,3.0,nan,0,0,0
56,0.9161189768697534,44.75397855383247,3.6510183811187744,0.48592785000801086,-0.0194998811930418,3.0,nan,0,0,0
57,0.9122573288835231,45.66623588271599,3.73945689201355,0.4855358600616455,-0.022111570462584496,3.0,nan,0,0,0
58,0.9162743768223695,46.58251025953836,3.828662633895874,0.4858924448490143,-0.019382840022444725,3.0,nan,0,0,0
59,0.9166537376798335,47.49916399721819,3.9305758476257324,0.48595553636550903,-0.019132008776068687,3.0,nan,0,0,0
60,0.9184506027173428,48.41761459993553,4.001079082489014,0.48609867691993713,-0.017907602712512016,3.0,nan,0,0,0
61,0.9162777700296469,49.33389236996518,4.0840229988098145,0.48590371012687683,-0.01938309334218502,3.0,nan,0,0,0
62,0.9169390126055195,50.250831382570695,4.164863586425781,0.4859093725681305,-0.018921544775366783,3.0,nan,0,0,0
63,0.912565447385822,51.16339682995652,4.24475622177124,0.48614296317100525,-0.01783754490315914,4.0,nan,0,0,0
64,0.9230258651844092,52.086422695140925,4.337693691253662,0.48655959963798523,-0.014812467619776726,3.0,nan,0,0,0
65,0.9168159176607926,53.00323861280172,4.413797378540039,0.48599791526794434,-0.019028371199965477,3.0,nan,0,0,0
66,0.9161936749716599,53.919432287773375,4.509394645690918,0.48586031794548035,-0.019431835040450096,3.0,nan,0,0,0
67,0.9171665519177914,54.83659883969116,4.581577777862549,0.48595502972602844,-0.018772920593619347,3.0,nan,0,0,0
68,0.9183514198788575,55.75495025957002,4.661499977111816,0.4860823452472687,-0.017973219975829124,3.0,nan,0,0,0
69,0.9202087197686944,56.67515897933872,4.736169338226318,0.4861423373222351,-0.01668710820376873,3.0,nan,0,0,0
70,0.915477529518661,57.59063650885738,4.809276580810547,0.48626717925071716,-0.015828071162104607,4.0,nan,0,0,0
71,0.921410470035814,58.512046978893196,4.880888938903809,0.4862190783023834,-0.01586378924548626,3.0,nan,0,0,0
72,0.9196198549710568,59.431666833864256,4.953512668609619,0.4860445559024811,-0.01707649789750576,3.0,nan,0,0,0
73,0.9201401715888863,60.35180700545314,5.02676248550415,0.4860892593860626,-0.016722707077860832,3.0,nan,0,0,0
74,0.9186023894931589,61.2704093949463,5.025886058807373,0.4859548509120941,-0.01776779256761074,3.0,nan,0,0,0
75,0.9166999390849045,62.187109334031206,5.015240669250488,0.48575136065483093,-0.01905202679336071,3.0,nan,0,0,0
76,0.9207286964981329,63.10783803052934,5.022101879119873,0.48609626293182373,-0.01631237380206585,3.0,nan,0,0,0
77,0.9191404831962926,64.02697851372562,5.0923171043396,0.48594895005226135,-0.017389750108122826,3.0,nan,0,0,0
78,0.918736340288605,64.94571485401423,5.0132222175598145,0.48591148853302,-0.01766390912234783,3.0,nan,0,0,0
79,0.9193472715772334,65.86506212559146,5.114796161651611,0.48601409792900085,-0.017260199412703514,3.0,nan,0,0,0
80,0.9210085764938877,66.78607070208535,5.047938346862793,0.4861340820789337,-0.016125282272696495,3.0,nan,0,0,0
81,0.9188807140915167,67.70495141617687,5.153530120849609,0.48596054315567017,-0.017574293538928032,3.0,nan,0,0,0
82,0.9123143216641175,68.61726573784098,5.182127475738525,0.4859064221382141,-0.01795814000070095,4.0,nan,0,0,0
83,0.9153753111007668,69.53264104894174,5.158891677856445,0.4861534833908081,-0.015873095020651817,4.0,nan,0,0,0
84,0.9160098422808306,70.44865089122257,5.153385639190674,0.48621439933776855,-0.015443136915564537,4.0,nan,0,0,0
85,0.9162566452466305,71.3649075364692,5.160741329193115,0.4862458109855652,-0.01527770422399044,4.0,nan,0,0,0
86,0.9216428990576948,72.2865504355269,5.175832748413086,0.4862225353717804,-0.0157018955796957,3.0,nan,0,0,0
87,0.9201949709639663,73.20674540649087,5.178850173950195,0.4860246479511261,-0.016669271513819695,3.0,nan,0,0,0
88,0.9181580091927732,74.12490341568365,5.27378511428833,0.48584604263305664,-0.01805347017943859,3.0,nan,0,0,0
89,0.913449200486853,75.0383526161705,5.370230674743652,0.4860036075115204,-0.017186401411890984,4.0,nan,0,0,0
90,0.9213154240435077,75.95966804021401,5.391027450561523,0.486130028963089,-0.01590954326093197,3.0,nan,0,0,0
91,0.9139791751858733,76.87364721539988,5.452572345733643,0.48601773381233215,-0.016818715259432793,4.0,nan,0,0,0
92,0.9213708989378951,77.79501811433778,5.480198383331299,0.4861505925655365,-0.01587550900876522,3.0,nan,0,0,0
93,0.916482610615946,78.71150072495372,5.508134365081787,0.48570555448532104,-0.019193468615412712,3.0,nan,0,0,0
94,0.9119506297324385,79.62345135468617,5.53519344329834,0.4858258366584778,-0.018193921074271202,4.0,nan,0,0,0
95,0.9151347368203457,80.53858609150652,5.526403903961182,0.48609426617622375,-0.016027679666876793,4.0,nan,0,0,0
96,0.9216979560099896,81.46028404751651,5.558454513549805,0.4861699044704437,-0.015651075169444084,3.0,nan,0,0,0
97,0.9199461378923484,82.38023018540886,5.584441661834717,0.48602619767189026,-0.01684381626546383,3.0,nan,0,0,0
98,0.9173102835516134,83.29754046896048,5.632382392883301,0.4857248365879059,-0.018618596717715263,3.0,nan,0,0,0
99,0.917732690315871,84.21527315927635,5.68441104888916,0.485773503780365,-0.018334267660975456,3.0,nan,0,0,0
100,0.9117029447598116,85.12697610403616,5.705506801605225,0.48577916622161865,-0.018356410786509514,4.0,nan,0,0,0
101,0.9200007705163388,86.0469768745525,5.73548698425293,0.4859752953052521,-0.016793696209788322,3.0,nan,0,0,0
102,0.9119857538981097,86.9589626284506,5.774677753448486,0.4858227074146271,-0.018168604001402855,4.0,nan,0,0,0
103,0.92355324069517,87.88251586914578,5.823426723480225,0.48633018136024475,-0.014389773830771446,3.0,nan,0,0,0
104,0.9149176708956559,88.79743354004144,5.848391056060791,0.4860334098339081,-0.01616542600095272,4.0,nan,0,0,0
105,0.9156074704825878,89.71304101052402,5.897911548614502,0.48611775040626526,-0.015702245756983757,4.0,nan,0,0,0
106,0.9213335544992061,90.63437456502322,5.9312334060668945,0.4860699474811554,-0.015882832929491997,3.0,nan,0,0,0
107,0.9190231280369417,91.55339769306016,5.936012268066406,0.4858768880367279,-0.01745508424937725,3.0,nan,0,0,0
108,0.9161158454971654,92.46951353855732,5.973548889160156,0.4856168031692505,-0.019429495558142662,3.0,nan,0,0,0
109,0.9123714285904453,93.38188496714777,6.026001930236816,0.4857940673828125,-0.01789194904267788,4.0,nan,0,0,0
110,0.9168668350250947,94.29875180217286,6.035848140716553,0.48621058464050293,-0.014842351898550987,4.0,nan,0,0,0
111,0.9231242703241961,95.22187607249705,6.069247722625732,0.48622190952301025,-0.014664789661765099,3.0,nan,0,0,0
112,0.9194184707445757,96.14129454324163,6.090453624725342,0.48585525155067444,-0.017173295840620995,3.0,nan,0,0,0
113,0.9183878723766122,97.05968241561824,6.1204376220703125,0.48578962683677673,-0.01787940226495266,3.0,nan,0,0,0
114,0.9209491293756735,97.98063154499391,6.161700248718262,0.4860166013240814,-0.016139483079314232,3.0,nan,0,0,0
115,0.9182526727219422,98.89888421771586,6.120471000671387,0.48578932881355286,-0.017973972484469414,3.0,nan,0,0,0
116,0.9120456281829448,99.81092984589881,6.099734306335449,0.4857845604419708,-0.018117791041731834,4.0,nan,0,0,0
117,0.9154296542164825,100.7263595001153,6.15146541595459,0.4860512614250183,-0.01581120304763317,4.0,nan,0,0,0
118,0.9156608081247125,101.64202030824,6.150908470153809,0.48609665036201477,-0.015659986063838005,4.0,nan,0,0,0
119,0.9221507348886557,102.56417104312867,6.21353006362915,0.486128032207489,-0.015324359759688377,3.0,nan,0,0,0
120,0.9198746485071523,103.48404569163581,6.261996269226074,0.4858910143375397,-0.01686231605708599,3.0,nan,0,0,0
121,0.9195181751237029,104.40356386675951,6.3222856521606445,0.4858724772930145,-0.01710752211511135,3.0,nan,0,0,0
122,0.9179765605912322,105.32154042735074,6.33134126663208,0.4857380986213684,-0.01815529726445675,3.0,nan,0,0,0
123,0.9102114627006508,106.23175189005138,6.324733257293701,0.48555490374565125,-0.01934812031686306,4.0,nan,0,0,0
124,0.9213211212541376,107.15307301130552,6.302464962005615,0.48604944348335266,-0.01588675193488598,3.0,nan,0,0,0
125,0.9178867087179706,108.0709597200235,6.322151184082031,0.48582741618156433,-0.018239034339785576,3.0,nan,0,0,0
126,0.9180058903339363,108.98896561035743,6.371659755706787,0.4858446717262268,-0.01815963350236416,3.0,nan,0,0,0
127,0.9184668222765127,109.90743243263394,6.395590782165527,0.4858694076538086,-0.01784275285899639,3.0,nan,0,0,0
128,0.9209698810165836,110.82840231365053,6.421277046203613,0.48606324195861816,-0.016135839745402336,3.0,nan,0,0,0
129,0.919622022735221,111.74802433638575,6.489162921905518,0.4859740734100342,-0.017058534547686577,3.0,nan,0,0,0
130,0.9121310274473258,112.66015536383308,6.477177619934082,0.4857669174671173,-0.018053894862532616,4.0,nan,0,0,0
131,0.9172935453866209,113.57744890921971,6.473735332489014,0.48627787828445435,-0.01455935649573803,4.0,nan,0,0,0
132,0.9166888413642134,114.49413775058393,6.504724025726318,0.486194908618927,-0.014963289722800255,4.0,nan,0,0,0
133,0.9172267612204665,115.4113645118044,6.50213623046875,0.48622268438339233,-0.014593226835131645,4.0,nan,0,0,0
134,0.9166914008160432,116.32805591262044,6.515326023101807,0.4861280918121338,-0.014945907518267632,4.0,nan,0,0,0
135,0.9217476769274189,117.24980358954787,6.504426956176758,0.4860391914844513,-0.015585770830512047,3.0,nan,0,0,0
136,0.9182297547360261,118.1680333442839,6.554441452026367,0.4857487380504608,-0.0179805438965559,3.0,nan,0,0,0
137,0.9169906678355876,119.08502401211949,6.586283206939697,0.485644668340683,-0.018823621794581413,3.0,nan,0,0,0
138,0.9186510346886657,120.00367504680816,6.606730937957764,0.48577097058296204,-0.017690835520625114,3.0,nan,0,0,0
139,0.9202034951377482,120.9238785419459,6.623033046722412,0.4858812093734741,-0.016629835590720177,3.0,nan,0,0,0
140,0.9198532142511435,121.84373175619704,6.644812107086182,0.48586633801460266,-0.016871562227606773,3.0,nan,0,0,0
141,0.9171777377227941,122.76090949391984,6.639742374420166,0.48559296131134033,-0.01868060790002346,3.0,nan,0,0,0
142,0.9165724887436344,123.67748198266348,6.633840084075928,0.48556506633758545,-0.019097773358225822,3.0,nan,0,0,0
143,0.9112722586265631,124.58875424129005,6.647403717041016,0.4856437146663666,-0.01862628571689129,4.0,nan,0,0,0
144,0.9225205561646393,125.51127479745469,6.647254467010498,0.48613759875297546,-0.01506771706044674,3.0,nan,0,0,0
145,0.919617872407039,126.43089266986173,6.641549110412598,0.48592710494995117,-0.017050480470061302,3.0,nan,0,0,0
146,0.9204889439103149,127.35138161377205,6.650782585144043,0.4859667718410492,-0.016449986025691032,3.0,nan,0,0,0
147,0.9144856422387417,128.26586725601078,6.631402492523193,0.485979825258255,-0.01645534299314022,4.0,nan,0,0,0
148,0.9239120344022909,129.18977929041307,6.644502639770508,0.48629820346832275,-0.014131156727671623,3.0,nan,0,0,0
149,0.9190779735346635,130.10885726394773,6.686570644378662,0.4858224093914032,-0.01740398071706295,3.0,nan,0,0,0
150,0.9136876183563755,131.0225448823041,6.709251403808594,0.48593077063560486,-0.017002513632178307,4.0,nan,0,0,0
151,0.9147361158572491,131.93728099816133,6.695765018463135,0.4859102666378021,-0.016263781115412712,4.0,nan,0,0,0
152,0.9223484236271607,132.8596294217885,6.6971025466918945,0.4860760271549225,-0.015173843130469322,3.0,nan,0,0,0
153,0.9095027932765938,133.7691322150651,6.7023468017578125,0.4854302704334259,-0.01981510780751705,4.0,nan,0,0,0
154,0.9217366585830846,134.69086887364818,6.688729286193848,0.4860173761844635,-0.015588393434882164,3.0,nan,0,0,0
155,0.9182289550403753,135.60909782868856,6.679194450378418,0.48580601811408997,-0.01799446903169155,3.0,nan,0,0,0
156,0.9185416112045446,136.5276394398931,6.664502143859863,0.48578688502311707,-0.017771145328879356,3.0,nan,0,0,0
157,0.9128368528783322,137.44047629277145,6.818154335021973,0.4858384430408478,-0.01757650636136532,4.0,nan,0,0,0
158,0.9177397947183676,138.3582160874898,7.4090142250061035,0.48619553446769714,-0.014227768406271935,4.0,nan,0,0,0
159,0.9229058703907899,139.2811219578806,7.636989593505859,0.4860968291759491,-0.014788484200835228,3.0,nan,0,0,0
160,0.9182359741968767,140.19935793207748,7.809014797210693,0.4856560528278351,-0.017954563722014427,3.0,nan,0,0,0
161,0.9168047843646435,141.11616271644212,7.933857440948486,0.4855513274669647,-0.018931960687041283,3.0,nan,0,0,0
162,0.9188069703735057,142.03496968681563,7.97957706451416,0.48568713665008545,-0.01756211929023266,3.0,nan,0,0,0
163,0.9194258021158831,142.9543954889315,8.04823112487793,0.48572346568107605,-0.01713741384446621,3.0,nan,0,0,0
164,0.9140180288028149,143.86841351773433,8.104467391967773,0.48527032136917114,-0.020817121490836143,3.0,nan,0,0,0
165,0.9191928579395725,144.7876063756739,8.168685913085938,0.48568621277809143,-0.017291782423853874,3.0,nan,0,0,0
166,0.9191888842965875,145.70679525997048,8.230512619018555,0.4856787621974945,-0.017292825505137444,3.0,nan,0,0,0
167,0.9175006991042977,146.62429595907477,8.301107406616211,0.48550131916999817,-0.01843315176665783,3.0,nan,0,0,0
168,0.9192962698695205,147.5435922289443,8.326818466186523,0.4856250584125519,-0.017205124720931053,3.0,nan,0,0,0
169,0.9195402799319653,148.46313250887627,8.340923309326172,0.48564770817756653,-0.017039602622389793,3.0,nan,0,0,0
170,0.9176634758412838,149.38079598471757,8.430140495300293,0.48549047112464905,-0.01831667684018612,3.0,nan,0,0,0
171,0.9166866479586987,150.29748263267626,8.480875015258789,0.4854222238063812,-0.018984531983733177,3.0,nan,0,0,0
172,0.9118930395827407,151.209375672259,8.52493953704834,0.48551949858665466,-0.01816275529563427,4.0,nan,0,0,0
173,0.922735793503977,152.132111465763,8.568324089050293,0.485910028219223,-0.01486395113170147,3.0,nan,0,0,0
174,0.9131050383008662,153.04521650406386,8.607539176940918,0.4855864644050598,-0.017329981550574303,4.0,nan,0,0,0
175,0.9236826508939266,153.9688991549578,8.68972110748291,0.4859808683395386,-0.0142176803201437,3.0,nan,0,0,0
176,0.9207809988643442,154.88968015382213,8.725531578063965,0.48571139574050903,-0.016185959801077843,3.0,nan,0,0,0
177,0.9147998572517009,155.80448001107382,8.757694244384766,0.48521459102630615,-0.02025683782994747,3.0,nan,0,0,0
178,0.916663420596293,156.7211434316701,8.803871154785156,0.48538345098495483,-0.018991744145751,3.0,nan,0,0,0
179,0.9166356689575172,157.63777910062763,8.830065727233887,0.48536840081214905,-0.01900765858590603,3.0,nan,0,0,0
180,0.9151412890737964,158.55292038970143,8.904425621032715,0.48572877049446106,-0.015937810763716698,4.0,nan,0,0,0
181,0.9230668596980117,159.47598724939945,8.936245918273926,0.48591428995132446,-0.014633199200034142,3.0,nan,0,0,0
182,0.9191479316481522,160.3951351810476,8.987235069274902,0.4855203330516815,-0.01728452555835247,3.0,nan,0,0,0
183,0.920135951012373,161.31527113206,9.014869689941406,0.48572784662246704,-0.01664133183658123,3.0,nan,0,0,0
184,0.9129801771172456,162.22825130917724,9.052427291870117,0.4849804937839508,-0.02147599123418331,3.0,nan,0,0,0
185,0.9161795174493675,163.1444308266266,9.11293888092041,0.48528727889060974,-0.01930803619325161,3.0,nan,0,0,0
186,0.9184617033728532,164.06289252999946,9.159335136413574,0.48547330498695374,-0.01775391213595867,3.0,nan,0,0,0
187,0.9211178204544953,164.98401035045396,9.185516357421875,0.4856889545917511,-0.01594494841992855,3.0,nan,0,0,0
188,0.9200264388308639,165.90403678928482,9.229681015014648,0.4856947362422943,-0.01671026460826397,3.0,nan,0,0,0
189,0.9215660743472122,166.82560286363204,9.260083198547363,0.48572850227355957,-0.015640398487448692,3.0,nan,0,0,0
190,0.9175446099880196,167.74314747362007,9.314469337463379,0.48546531796455383,-0.01839401386678219,3.0,nan,0,0,0
191,0.9165275674192679,168.65967504103935,9.323304176330566,0.4852796196937561,-0.01906261406838894,3.0,nan,0,0,0
192,0.9137644316170896,169.57343947265645,9.347406387329102,0.4850057065486908,-0.020932896062731743,3.0,nan,0,0,0
193,0.9178214082817235,170.49126088093817,9.383892059326172,0.48540905117988586,-0.018187126144766808,3.0,nan,0,0,0
194,0.9132460337976613,171.40450691473583,9.418855667114258,0.48551321029663086,-0.01721419207751751,4.0,nan,0,0,0
195,0.9237687746385732,172.3282756893744,9.441617965698242,0.48590418696403503,-0.014139501377940178,3.0,nan,0,0,0
196,0.9199897997138046,173.24826548908823,9.47702407836914,0.48553797602653503,-0.016699334606528282,3.0,nan,0,0,0
197,0.9178104459941387,174.16607593508238,9.526068687438965,0.48537102341651917,-0.018185926601290703,3.0,nan,0,0,0
198,0.919008832146724,175.0850847672291,9.565329551696777,0.48546120524406433,-0.017368098720908165,3.0,nan,0,0,0
199,0.9161172171135743,176.00120198434266,9.594700813293457,0.4852216839790344,-0.019336340948939323,3.0,nan,0,0,0
200,0.9165381962046737,176.91774018054733,9.61184310913086,0.4852847158908844,-0.01905636303126812,3.0,nan,0,0,0
201,0.9197122755206767,177.837452456068,9.638996124267578,0.48550984263420105,-0.016887037083506584,3.0,nan,0,0,0
202,0.921196778159766,178.75864923422776,9.684107780456543,0.4855918288230896,-0.015867015346884727,3.0,nan,0,0,0
203,0.9206012085491703,179.67925044277692,9.700799942016602,0.4855498969554901,-0.01627412997186184,3.0,nan,0,0,0
204,0.9179464808234147,180.59719692360034,9.738174438476562,0.48528483510017395,-0.018070591613650322,3.0,nan,0,0,0
205,0.9155825960905778,181.51277951969092,9.772273063659668,0.48509201407432556,-0.019680319353938103,3.0,nan,0,0,0
206,0.917283077579169,182.43006259727008,9.822197914123535,0.48531001806259155,-0.018540849909186363,3.0,nan,0,0,0
207,0.9208368987966151,183.3508994960667,9.852373123168945,0.4855603277683258,-0.016111580654978752,3.0,nan,0,0,0
208,0.9214677302312283,184.27236722629792,9.881901741027832,0.4856554865837097,-0.015692202374339104,3.0,nan,0,0,0
209,0.9209429475225154,185.19331017382044,9.907304763793945,0.48552700877189636,-0.01602957211434841,3.0,nan,0,0,0
210,0.9187600196529002,186.11207019347333,9.936190605163574,0.4854435622692108,-0.017538150772452354,3.0,nan,0,0,0
211,0.9186985949377218,187.03076878841105,9.97637939453125,0.48535728454589844,-0.017561016604304314,3.0,nan,0,0,0
212,0.9167909071260975,187.94755969553714,10.004361152648926,0.4851475656032562,-0.01884746365249157,3.0,nan,0,0,0
213,0.9251264917155106,188.87268618725264,10.021751403808594,0.4853331744670868,-0.017255863174796104,2.0,nan,0,0,0
214,0.9234186731789793,189.79610486043163,10.025834083557129,0.48524942994117737,-0.01843179576098919,2.0,nan,0,0,0
215,0.9621631137573284,190.75826797418895,10.027321815490723,0.4851352274417877,-0.019143423065543175,3.0,19.2509194541692,0,0,0
216,0.9548258547160375,191.713093828905,10.055496215820312,0.48437830805778503,-0.01740988902747631,3.0,18.945054012315108,0,0,0
217,0.9505969953705894,192.6636908242756,10.090921401977539,0.4832060635089874,-0.017080364748835564,2.0,18.58666070505925,0,0,0
218,0.9418441535377585,193.60553497781336,10.111950874328613,0.4817515015602112,-0.01731920801103115,2.0,18.2554905271431,0,0,0
219,0.928815082060247,194.53435005987362,10.145913124084473,0.48035213351249695,-0.018425477668642998,3.0,17.964192781912338,0,0,0
220,0.9257651276066243,195.46011518748026,10.17431640625,0.47822242975234985,-0.01522865705192089,2.0,17.614892501334474,0,0,0
221,0.9195523803991807,196.37966756787944,10.208444595336914,0.4771656095981598,-0.015842964872717857,2.0,17.386062776909128,0,0,0
222,0.9087361039192963,197.28840367179873,10.204634666442871,0.47484657168388367,-0.01725994609296322,2.0,16.994030631203877,0,0,0
223,0.9007488505568535,198.18915252235558,10.21023178100586,0.4721204340457916,-0.01875290833413601,2.0,16.713989247215117,0,0,0
224,0.8909354583837192,199.0800879807393,10.232190132141113,0.4699358642101288,-0.013879438862204552,3.0,16.467079304158588,0,0,0
225,0.8899607767688218,199.97004875750812,10.244064331054688,0.4690345227718353,-0.010697482153773308,2.0,16.194434965290668,0,0,0
226,0.8750369893215243,200.84508574682965,10.26134204864502,0.4613822400569916,-0.01721479557454586,3.0,15.924793660494192,0,0,0
227,0.8635619139600583,201.70864766078972,10.25910758972168,0.46894118189811707,-0.011008350178599358,4.0,15.56358263610414,0,0,0
228,0.8529245973715631,202.56157225816128,10.264820098876953,0.4691351354122162,-0.0028923361096531153,5.0,15.232190472516026,0,0,0
229,0.8387928289461873,203.40036508710747,10.243647575378418,0.46421435475349426,0.0035366208758205175,6.0,14.903140907870187,0,0,0
230,0.8211752227939694,204.22154030990146,10.259317398071289,0.4525788128376007,0.00928458757698536,7.0,14.531329527028767,0,0,0
231,0.818543882441101,205.04008419234256,10.270824432373047,0.45982709527015686,0.015006931498646736,6.0,14.2914023288206,0,0,0
232,0.8163006479363377,205.8563848402789,10.263002395629883,0.4477201998233795,0.0075845662504434586,5.0,13.947101941628905,0,0,0
233,0.8157283344850728,206.67211317476398,10.240276336669922,0.46272268891334534,0.003214278956875205,4.0,13.622247603196838,0,0,0
234,0.8126007991337273,207.4847139738977,10.225130081176758,0.4587647020816803,-0.0064046066254377365,3.0,13.36423846360355,0,0,0
235,0.795167052969462,208.27988102686717,10.21893310546875,0.43738093972206116,-0.01589803956449032,4.0,13.08286486321083,0,0,0
236,0.7825900055372101,209.06247103240437,10.214635848999023,0.43454092741012573,-0.00973932258784771,5.0,12.713192904428515,0,0,0
237,0.7745103271829525,209.83698135958733,10.192892074584961,0.4563174545764923,0.0049317870289087296,6.0,12.4570024743779,0,0,0
238,0.7678597512208291,210.60484111080817,10.164531707763672,0.4518628418445587,0.0064259786158800125,6.0,12.234355887076457,0,0,0
239,0.7256926780648412,211.330533788873,10.1658935546875,0.427217960357666,0.004419008269906044,6.0,11.882397754426892,0,0,0
240,0.7221639057571954,212.05269769463018,10.154359817504883,0.4248097538948059,0.0016485319938510656,5.0,11.602832682690693,0,0,0
241,0.7120592113200168,212.7647569059502,10.11205768585205,0.4218212068080902,-0.0031358657870441675,5.0,11.306054064991367,0,0,0
242,0.7015851365319852,213.46634204248218,10.078287124633789,0.41768530011177063,-0.001607103506103158,5.0,10.964432164166253,0,0,0
243,0.6894068187423409,214.1557488612245,10.0535306930542,0.4145108163356781,-0.0022681637201458216,6.0,10.73372319362847,0,0,0
244,0.6819279807626207,214.83767684198713,10.010435104370117,0.41222909092903137,0.000331641873344779,6.0,10.480439152953274,0,0,0
245,0.6706520077803453,215.50832884976748,9.964110374450684,0.4102016091346741,0.0027165801730006933,6.0,10.157288664534638,0,0,0
246,0.6628936191731493,216.17122246894064,9.907883644104004,0.4167506992816925,0.0025697515811771154,6.0,9.915153015444947,0,0,0
247,0.6544540275339841,216.8256764964746,9.859637260437012,0.40559765696525574,0.0019465105142444372,6.0,9.646625505675498,0,0,0
248,0.6450347867339304,217.47071128320854,9.801018714904785,0.40203920006752014,0.0027846412267535925,6.0,9.363908345190902,0,0,0
249,0.6374781279102313,218.1081894111188,9.7582426071167,0.43118417263031006,0.0049176085740327835,6.0,9.153266917286821,0,0,0
250,0.6290982715970248,218.73728768271582,9.720602035522461,0.39800748229026794,-0.0003161488566547632,6.0,8.842546638992161,0,0,0
251,0.621397729420522,219.35868541213634,9.683969497680664,0.39422303438186646,-0.00039551989175379276,6.0,8.60470858226631,0,0,0
252,0.6067121768703883,219.96539758900673,9.612153053283691,0.39324837923049927,0.0022284628357738256,7.0,8.309249750092388,0,0,0
253,0.5990461081009513,220.5644436971077,9.574027061462402,0.38977885246276855,0.003925645723938942,7.0,8.090391857358812,0,0,0
254,0.3202325401215631,220.88467623722926,9.516751289367676,0.3883800804615021,0.0038203613366931677,7.0,7.913449302093586,0,0,0
255,0.3057653049050276,221.1904415421343,9.45323371887207,0.3868372440338135,0.006012806668877602,8.0,7.681513584475475,0,0,0
256,0.29266648473420903,221.4831080268685,9.404807090759277,0.38419309258461,0.008174175396561623,8.0,7.455922792644711,0,0,0
257,0.27922988940390886,221.76233791627243,9.336167335510254,0.38227298855781555,0.007353605702519417,7.0,7.207292539733985,0,0,0
258,0.2648482847054825,222.02718620097792,9.25543212890625,0.3801068365573883,0.003742256900295615,7.0,6.959609347705531,0,0,0
259,0.25425650149997336,222.2814427024779,9.187020301818848,0.3777609169483185,0.00019423081539571285,6.0,6.759973081388431,0,0,0
260,0.2444475521858172,222.52589025466372,9.140337944030762,0.3757215440273285,-0.0025214983616024256,6.0,6.591041176533518,0,0,0
261,0.22976199722920956,222.75565225189294,9.057162284851074,0.3743230104446411,-0.0026039539370685816,6.0,6.338123285614165,0,0,0
262,0.2192274610212624,222.9748797129142,8.992351531982422,0.3735385537147522,-0.0029745011124759912,7.0,6.173917384255074,0,0,0
263,0.2107126701763734,223.18559238309058,8.931188583374023,0.3720178008079529,-0.0023846535477787256,7.0,6.027273764148653,0,0,0
264,0.19866672142627917,223.38425910451687,8.85737133026123,0.369922935962677,-0.001806548098102212,7.0,5.81981575789703,0,0,0
265,0.18500284098994257,223.5692619455068,8.792013168334961,0.3681879937648773,-0.0019539205823093653,8.0,5.601715594826788,0,0,0
266,0.1756801273916755,223.74494207289848,8.725883483886719,0.36691799759864807,0.0018111409153789282,8.0,5.4411577495233,0,0,0
267,0.16773594587746982,223.91267801877595,8.652043342590332,0.365849107503891,0.0028336362447589636,8.0,5.30434129011198,0,0,0
268,0.15653817588612373,224.06921619466206,8.5996675491333,0.3654906451702118,0.004237683489918709,8.0,5.111490806927686,0,0,0
269,0.14920287594491166,224.21841907060698,8.520835876464844,0.3632258474826813,0.0031466425862163305,8.0,4.985160641273478,0,0,0
270,0.1406716654844013,224.3590907360914,8.446259498596191,0.3621208965778351,0.0014582367148250341,7.0,4.8210120166758,0,0,0
271,0.13098605623717668,224.49007679232855,8.35802173614502,0.3606888949871063,-0.002032688120380044,7.0,4.654204301862487,0,0,0
272,0.12406504131798107,224.61414183364653,8.315239906311035,0.3593643307685852,-0.002673937240615487,7.0,4.535009044920785,0,0,0
273,0.11367006520679658,224.72781189885333,8.217809677124023,0.35852286219596863,-0.00295602367259562,8.0,4.3732066785614965,0,0,0
274,0.10715807521735932,224.8349699740707,8.140506744384766,0.3576509356498718,-0.0002830906305462122,8.0,4.2610557398545215,0,0,0
275,0.10171512738305977,224.93668510145378,8.09069538116455,0.35692939162254333,6.9113215431571e-05,8.0,4.167316082708251,0,0,0
276,0.09343577810457,225.03012087955835,8.01637077331543,0.35615313053131104,0.0005028487648814917,8.0,4.024727289578705,0,0,0
277,-60,165.03012087955835,7.953099727630615,0.3554171025753021,0.000136116286739707,8.0,3.92309120370985,0,0,0
