Episode,Reward,Num_steps
1,119.55859375,170
2,18.63671875,54
3,98.4453125,154
4,88.64453125,135
5,88.30078125,131
6,27.1015625,72
7,89.9453125,128
8,143.30078125,212
9,61.1484375,107
10,66.109375,113
11,49.625,96
12,40.2421875,96
13,20.4921875,62
14,86.24609375,124
15,74.3359375,122
16,30.9765625,79
17,46.953125,87
18,128.8828125,230
19,22.44921875,59
20,68.8203125,111
21,72.36328125,118
22,79.76171875,128
23,18.53125,51
24,86.2578125,134
25,30.35546875,68
26,26.22265625,63
27,24.36328125,66
28,136.13671875,224
29,119.0078125,179
30,64.8984375,118
31,29.04296875,73
32,118.8984375,177
33,47.86328125,90
34,5.3359375,38
35,14.82421875,46
36,220.09375,296
37,16.67578125,57
38,64.69921875,105
39,187.44140625,281
40,189.015625,261
41,76.03125,126
42,66.62109375,119
43,8.640625,43
44,38.11328125,80
45,137.28515625,193
46,48.06640625,95
47,22.88671875,71
48,75.03125,114
49,53.625,117
50,30.38671875,71
51,20.609375,58
52,41.15625,81
53,22.23828125,54
54,9.8359375,43
55,8.41796875,40
56,76.01953125,132
57,54.86328125,112
58,175.50390625,265
59,54.3125,98
60,54.27734375,96
61,36.84765625,77
62,62.03125,125
63,8.28515625,39
64,78.28125,118
65,28.86328125,66
66,54.86328125,99
67,17.28125,53
68,45.42578125,100
69,69.73046875,143
70,22.40234375,62
71,11.88671875,51
72,56.3515625,90
73,68.54296875,110
74,34.8515625,74
75,13.75,48
76,36.45703125,82
77,44.20703125,91
78,51.12890625,88
79,36.9921875,79
80,68.86328125,107
81,48.63671875,97
82,57.15234375,94
83,88.0078125,142
84,67.43359375,115
85,53.734375,106
86,21.08984375,63
87,184.78125,262
88,62.59765625,111
89,95.58984375,169
90,34.921875,74
91,43.62890625,95
92,3.73046875,32
93,24.10546875,63
94,25.16015625,61
95,49.921875,103
96,64.49609375,123
97,35.12109375,85
98,49.51953125,98
99,42.55078125,88
100,304.35546875,386
101,40.0234375,81
102,68.32421875,110
103,44.42578125,97
104,6.62109375,39
105,39.3125,76
106,37.3203125,79
107,211.4296875,331
108,38.65234375,88
109,140.59765625,205
110,123.19921875,175
111,7.55078125,39
112,71.546875,115
113,71.48828125,122
114,174.515625,261
115,21.0390625,56
116,36.1796875,77
117,9.41015625,43
118,60.515625,117
119,28.37890625,66
120,32.9140625,73
121,88.8671875,145
122,11.0234375,41
123,72.375,117
124,30.87890625,65
125,256.37109375,330
126,246.76171875,303
127,42.2890625,93
128,67.5546875,114
129,23.65234375,72
130,11.2109375,44
131,62.4375,121
132,24.40625,61
133,27.82421875,66
134,84.46484375,123
135,111.21875,165
136,43.9921875,82
137,10.69921875,41
138,56.453125,112
139,39.02734375,83
140,174.19140625,233
141,36.09375,79
142,23.01953125,61
143,64.09375,111
144,24.46484375,67
145,26.10546875,65
146,35.62890625,75
147,61.81640625,118
148,42.67578125,87
149,30.03515625,71
150,60.1796875,99
151,47.1015625,91
152,39.0859375,80
153,23.8203125,70
154,24.1015625,62
155,13.5234375,48
156,230.7109375,316
157,17.84765625,54
158,51.3359375,99
159,116.15234375,175
160,28.73046875,70
161,41.27734375,77
162,32.06640625,73
163,55.21484375,89
164,35.67578125,80
165,51.3828125,102
166,63.32421875,108
167,111.13671875,144
168,56.796875,113
169,170.09765625,287
170,133.59375,197
171,72.03515625,121
172,137.2421875,218
173,86.77734375,139
174,42.80859375,83
175,118.31640625,185
176,82.66796875,131
177,93.671875,154
178,47.45703125,85
179,75.78125,120
180,121.0546875,175
181,68.9140625,124
182,194.546875,263
183,19.390625,56
184,24.48828125,67
185,21.265625,63
186,24.16015625,61
187,27.484375,61
188,52.1015625,102
189,199.25390625,310
190,62.61328125,109
191,42.3671875,91
192,9.18359375,40
193,11.125,44
194,51.58984375,103
195,93.1796875,134
196,11.6953125,46
197,26.9921875,61
198,21.890625,61
199,5.93359375,39
200,16.05078125,52
201,29.09765625,73
202,71.55859375,125
203,15.9609375,50
204,113.3671875,163
205,187.66015625,296
206,47.0703125,91
207,22.35546875,61
208,30.8828125,69
209,36.16015625,81
210,117.41015625,194
211,24.90234375,68
212,39.0859375,81
213,18.21875,58
214,6.0078125,37
215,9.3046875,42
216,43.87890625,80
217,7.69140625,39
218,217.07421875,311
219,22.6953125,68
220,99.9296875,145
221,51.79296875,88
222,11.171875,44
223,67.46875,130
224,108.984375,145
225,105.125,162
226,115.2578125,178
227,36.9921875,86
228,12.1484375,50
229,10.578125,42
230,120.72265625,190
231,32.08203125,69
232,7.12890625,41
233,23.4140625,69
234,20.109375,60
235,7.1015625,39
236,64.37890625,104
237,159.30078125,237
238,150.0234375,241
239,25.453125,62
240,56.6328125,106
241,44.32421875,94
242,75.26171875,123
243,41.59765625,85
244,144.96484375,244
245,34.37109375,83
246,41.5078125,81
247,36.38671875,80
248,10.80078125,43
249,55.47265625,110
250,28.57421875,69
251,79.2890625,146
252,58.17578125,113
253,37.1015625,92
254,64.86328125,120
255,46.30859375,91
256,9.4453125,41
257,31.6328125,78
258,133.16796875,216
259,44.10546875,93
260,26.01171875,69
261,71.2734375,124
262,26.6328125,61
263,37.61328125,86
264,110.9765625,164
265,37.48828125,85
266,60.40234375,101
267,8.109375,39
268,15.19140625,49
269,25.33203125,68
270,111.92578125,201
271,59.4921875,109
272,46.5,93
273,102.39453125,194
274,39.56640625,85
275,25.5859375,64
276,86.6953125,160
277,286.09375,367
278,22.97265625,59
279,52.58984375,94
280,150.8359375,224
281,73.203125,123
282,95.96875,174
283,24.95703125,64
284,49.37890625,107
285,76.6953125,124
286,12.26953125,49
287,56.4375,94
288,73.89453125,110
289,98.125,155
290,62.2890625,101
291,27.62109375,74
292,28.98828125,67
293,64.6953125,104
294,75.4765625,125
295,23.37109375,60
296,79.56640625,140
297,28.77734375,71
298,28.75,70
299,21.90625,67
300,14.9375,52
301,29.328125,75
302,41.2265625,80
303,21.53515625,59
304,28.5703125,70
305,54.953125,115
306,50.296875,108
307,39.8125,89
308,24.01953125,68
309,33.21875,76
310,225.29296875,294
311,14.3984375,50
312,23.84765625,62
313,26.62109375,62
314,34.45703125,83
315,28.78125,64
316,246.94921875,301
317,16.18359375,51
318,61.08984375,107
319,9.859375,40
320,32.4140625,77
321,81.734375,117
322,28.1484375,69
323,62.35546875,101
324,19.328125,60
325,78.70703125,120
326,16.46484375,56
327,50.5390625,95
328,73.72265625,124
329,89.75,166
330,43.23046875,81
331,39.1015625,86
332,80.80078125,134
333,13.11328125,50
334,48.265625,99
335,169.89453125,276
336,169.49609375,230
337,16.984375,54
338,9.65625,42
339,14.95703125,53
340,27.80078125,71
341,91.28515625,157
342,23.88671875,66
343,35.87109375,76
344,90.1171875,142
345,24.703125,68
346,124.671875,189
347,79.54296875,134
348,9.25,43
349,17.50390625,62
350,40.61328125,91
351,43.3671875,88
352,83.25,140
353,23.87109375,64
354,23.4453125,58
355,33.64453125,71
356,18.80078125,54
357,241.15234375,316
358,20.390625,60
359,40.83203125,77
360,57.99609375,109
361,17.8828125,58
362,102.5703125,152
363,32.22265625,66
364,234.453125,314
365,27.30078125,64
366,5.25390625,37
367,49.97265625,101
368,59.00390625,104
369,31.6953125,71
370,25.68359375,68
371,18.28125,62
372,42.6328125,87
373,21.33203125,67
374,22.29296875,63
375,27.34765625,66
376,6.3828125,38
377,56.62890625,100
378,22.97265625,65
379,24.32421875,61
380,11.6796875,45
381,38.10546875,83
382,14.30078125,52
383,271.98046875,363
384,170.0625,224
385,223.06640625,290
386,143.9140625,197
387,30.4609375,64
388,24.35546875,59
389,169.04296875,238
390,38.9609375,91
391,49.89453125,92
392,65.6328125,113
393,185.37109375,258
394,19.22265625,53
395,129.77734375,199
396,84.8203125,127
397,43.0703125,91
398,60.515625,113
399,125.2578125,193
400,47.86328125,93
401,7.14453125,40
402,29.77734375,71
403,71.390625,118
404,46.91796875,96
405,67.7421875,115
406,80.59375,128
407,37.65625,88
408,76.66015625,125
409,53.734375,101
410,42.66796875,98
411,53.16015625,117
412,28.08984375,67
413,29.8359375,68
414,136.71875,206
415,81.58203125,133
416,22.453125,60
417,30.671875,70
418,47.21484375,101
419,26.4609375,69
420,37.30859375,82
421,62.25390625,98
422,221.84765625,353
423,143.07421875,213
424,86.94921875,130
425,172.2421875,228
426,78.59375,134
427,33.62109375,75
428,99.171875,151
429,11.3046875,44
430,48.90234375,100
431,48.9375,94
432,61.53515625,122
433,37.96875,87
434,26.875,62
435,209.375,284
436,56.4140625,107
437,6.21875,37
438,70.71484375,120
439,26.046875,68
440,29.21875,71
441,75.4140625,148
442,48.2578125,99
443,185.0390625,257
444,48.09765625,96
445,32.98046875,75
446,20.41015625,66
447,12.5078125,44
448,98.05078125,153
449,24.32421875,61
450,231.50390625,335
451,38.56640625,82
452,103.60546875,148
453,16.8984375,57
454,30.58203125,70
455,31.48828125,75
456,26.171875,66
457,45.39453125,97
458,260.41796875,355
459,73.03125,123
460,43.71484375,88
461,61.99609375,102
462,45.81640625,89
463,19.9140625,57
464,15.7890625,52
465,82.7890625,129
466,22.203125,62
467,58.13671875,114
468,24.11328125,61
469,164.32421875,227
470,60.7734375,113
471,260.2890625,378
472,53.23046875,102
473,18.44140625,57
474,53.0546875,108
475,156.49609375,216
476,34.3984375,68
477,6.7890625,38
478,136.578125,177
479,18.87890625,52
480,64.6484375,102
481,53.21484375,106
482,120.57421875,182
483,22.96875,64
484,50.49609375,88
485,25.421875,66
486,66.8515625,106
487,50.44140625,98
488,7.7109375,39
489,78.421875,142
490,110.64453125,190
491,70.37890625,125
492,184.28125,262
493,58.92578125,117
494,180.37890625,299
495,27.7734375,65
496,58.15625,106
497,7.359375,40
498,40.078125,83
499,63.93359375,109
500,84.96484375,134
501,28.1796875,64
502,41.19921875,93
503,282.6171875,344
504,217.0,287
505,13.19921875,47
506,29.02734375,66
507,55.81640625,108
508,53.984375,107
509,32.7421875,75
510,19.34765625,61
511,105.6328125,163
512,46.22265625,82
513,66.3984375,104
514,148.65234375,207
515,24.23046875,71
516,71.4375,115
517,26.41015625,65
518,69.0703125,111
519,243.78125,313
520,93.2265625,136
521,8.765625,41
522,31.859375,63
523,72.09765625,125
524,11.21875,47
525,25.9921875,73
526,11.99609375,49
527,67.609375,114
528,221.67578125,277
529,12.8515625,50
530,94.6328125,165
531,32.51953125,78
532,42.4609375,89
533,35.23046875,80
534,77.87890625,118
535,127.10546875,192
536,46.5703125,96
537,35.37109375,84
538,21.69140625,59
539,29.24609375,63
540,14.7578125,49
541,4.61328125,34
542,22.6796875,60
543,17.34375,52
544,139.875,204
545,53.73828125,111
546,49.40625,94
547,20.21875,60
548,25.79296875,67
549,30.0078125,71
550,48.265625,110
551,24.88671875,65
552,25.9765625,72
553,65.72265625,102
554,69.81640625,137
555,142.25,198
556,64.8125,125
557,18.4921875,57
558,23.953125,62
559,56.62890625,99
560,58.0859375,108
561,55.40234375,121
562,263.7265625,351
563,80.359375,130
564,51.6171875,106
565,63.07421875,100
566,4.0859375,34
567,64.50390625,113
568,85.6640625,126
569,36.76171875,77
570,22.69921875,67
571,23.94921875,59
572,21.51953125,57
573,7.81640625,40
574,211.421875,284
575,77.046875,116
576,23.5625,62
577,77.79296875,131
578,37.0234375,83
579,26.41796875,71
580,59.65234375,103
581,74.7890625,114
582,15.96875,51
583,27.34765625,66
584,31.2421875,64
585,20.10546875,58
586,72.93359375,121
587,167.921875,226
588,58.1328125,112
589,113.80859375,185
590,101.94140625,155
591,13.984375,55
592,14.015625,46
593,52.3515625,97
594,124.53125,202
595,55.30078125,93
596,89.1875,163
597,47.4453125,83
598,29.45703125,74
599,20.4296875,64
600,58.515625,115
601,58.65234375,110
602,21.1796875,60
603,28.01953125,70
604,86.9921875,132
605,104.04296875,159
606,36.08203125,78
607,126.32421875,187
608,16.93359375,56
609,63.4296875,100
610,118.7109375,173
611,51.8203125,93
612,85.59375,128
613,7.18359375,39
614,102.54296875,154
615,62.10546875,118
616,73.4296875,126
617,34.75390625,75
618,36.71875,81
619,78.3046875,113
620,43.06640625,98
621,251.07421875,354
622,52.90625,94
623,28.265625,67
624,30.25390625,72
625,36.453125,83
626,14.51953125,51
627,70.8984375,116
628,42.08203125,85
629,27.61328125,64
630,27.6328125,71
631,180.546875,261
632,47.5546875,94
633,22.921875,64
634,232.140625,301
635,51.65234375,102
636,148.359375,253
637,29.6328125,71
638,93.15625,144
639,97.50390625,154
640,20.3515625,64
641,47.51171875,96
642,10.0,42
643,7.0859375,40
644,31.5859375,71
645,22.9765625,61
646,104.015625,141
647,216.0078125,288
648,60.14453125,118
649,63.21875,102
650,122.19921875,176
651,18.671875,63
652,26.3515625,64
653,28.2890625,70
654,267.875,334
655,25.18359375,67
656,68.3515625,106
657,33.19140625,74
658,17.890625,52
659,34.421875,70
660,34.31640625,79
661,19.796875,61
662,99.75390625,166
663,25.59765625,67
664,49.6484375,83
665,11.671875,40
666,169.19921875,280
667,215.59765625,260
668,58.07421875,101
669,20.33203125,60
670,25.578125,68
671,66.43359375,107
672,33.67578125,80
673,108.2421875,178
674,42.58984375,87
675,24.671875,62
676,28.94921875,74
677,30.8515625,79
678,36.5234375,76
679,45.2734375,82
680,29.37890625,70
681,22.40234375,61
682,67.8828125,108
683,69.65234375,106
684,25.0234375,68
685,16.39453125,54
686,260.8046875,352
687,25.46875,70
688,65.99609375,104
689,82.9296875,130
690,44.19140625,90
691,160.16015625,211
692,212.890625,334
693,50.23046875,99
694,70.47265625,109
695,55.5234375,93
696,26.63671875,66
697,24.79296875,63
698,148.0234375,204
699,23.78125,62
700,141.22265625,207
701,22.12109375,68
702,29.7890625,71
703,24.21484375,70
704,56.25390625,109
705,17.69921875,56
706,116.58203125,166
707,9.21875,42
708,62.2109375,109
709,58.234375,94
710,49.53125,95
711,23.91796875,65
712,126.1328125,185
713,67.40625,131
714,160.09375,248
715,59.79296875,105
716,41.24609375,88
717,188.671875,263
718,253.55859375,333
719,99.08984375,163
720,7.328125,39
721,46.40625,93
722,37.98046875,70
723,47.74609375,95
724,32.41015625,75
725,128.80859375,229
726,144.09765625,231
727,91.859375,162
728,90.9609375,143
729,68.0546875,114
730,49.05859375,100
731,11.12109375,42
732,184.38671875,255
733,32.1328125,73
734,26.86328125,69
735,69.4296875,129
736,13.6015625,50
737,47.921875,105
738,30.53125,72
739,52.08203125,101
740,18.78515625,52
741,18.78515625,54
742,54.9375,101
743,105.3671875,150
744,14.17578125,48
745,32.078125,85
746,23.6796875,69
747,42.375,88
748,184.8203125,284
749,28.15625,69
750,100.40625,148
751,26.6875,60
752,58.390625,102
753,54.8046875,100
754,48.609375,100
755,17.40625,52
756,7.05859375,39
757,98.6640625,172
758,10.3671875,42
759,35.78515625,79
760,58.296875,96
761,30.31640625,74
762,138.71875,196
763,45.8984375,93
764,51.94921875,112
765,211.5703125,292
766,49.734375,95
767,35.796875,85
768,228.2109375,304
769,22.953125,68
770,60.41796875,104
771,19.453125,55
772,54.12890625,94
773,29.21484375,68
774,24.40234375,61
775,10.1640625,42
776,153.359375,228
777,67.6875,107
778,40.8125,83
779,37.03125,78
780,39.69140625,80
781,25.63671875,64
782,153.40625,229
783,25.24609375,68
784,90.2578125,135
785,129.08984375,183
786,24.96875,65
787,3.30078125,32
788,16.48046875,54
789,17.25,60
790,45.14453125,83
791,80.74609375,149
792,152.69921875,242
793,4.6875,38
794,48.28515625,105
795,93.625,158
796,39.890625,82
797,24.9609375,61
798,145.76171875,211
799,23.578125,62
800,17.390625,50
801,30.921875,74
802,66.06640625,108
803,28.06640625,69
804,66.11328125,111
805,77.875,128
806,53.58984375,97
807,145.90234375,214
808,28.69921875,74
809,36.4375,76
810,31.6796875,71
811,70.85546875,115
812,32.20703125,74
813,2.58984375,32
814,266.90234375,373
815,21.8984375,66
816,155.9765625,236
817,81.609375,126
818,65.1953125,107
819,124.98046875,176
820,39.4609375,79
821,244.2265625,330
822,338.765625,450
823,93.70703125,143
824,43.734375,95
825,10.75390625,43
826,211.5546875,329
827,253.296875,367
828,264.2421875,355
829,246.421875,362
830,24.8828125,64
831,65.89453125,109
832,268.53125,349
833,77.19921875,115
834,74.63671875,129
835,26.8828125,71
836,49.0078125,103
837,39.9609375,87
838,189.24609375,300
839,87.97265625,141
840,12.4609375,47
841,141.90625,236
842,42.5546875,82
843,65.64453125,116
844,129.3125,174
845,34.34765625,71
846,45.58203125,94
847,145.68359375,201
848,19.60546875,56
849,33.2890625,74
850,23.21875,59
851,23.80859375,69
852,24.0703125,68
853,57.296875,96
854,120.16796875,173
855,219.73046875,327
856,16.2578125,55
857,16.6796875,51
858,11.47265625,42
859,27.19921875,65
860,31.84375,82
861,8.7265625,43
862,69.1953125,126
863,19.703125,54
864,164.7109375,216
865,89.1015625,140
866,16.8984375,54
867,25.24609375,66
868,37.546875,78
869,10.98828125,41
870,26.83984375,73
871,56.53515625,99
872,84.40234375,131
873,101.84375,144
874,302.25,384
875,29.41796875,69
876,87.30859375,142
877,52.7421875,98
878,42.1953125,81
879,7.6328125,40
880,43.64453125,86
881,17.34375,55
882,53.44921875,104
883,185.34765625,242
884,10.94140625,46
885,56.8515625,100
886,73.26953125,122
887,47.38671875,95
888,100.38671875,150
889,22.27734375,58
890,37.56640625,83
891,19.375,59
892,50.83203125,93
893,74.05078125,134
894,8.6171875,41
895,77.375,148
896,47.82421875,91
897,40.3203125,86
898,82.98828125,131
899,42.625,92
900,171.38671875,225
901,114.6953125,174
902,9.1875,43
903,165.39453125,216
904,49.4140625,96
905,107.05859375,154
906,175.08203125,242
907,9.171875,43
908,182.28125,240
909,49.5859375,97
910,25.203125,62
911,211.21875,262
912,54.859375,97
913,74.38671875,120
914,26.41015625,64
915,52.67578125,108
916,15.484375,46
917,293.41796875,383
918,72.7734375,116
919,58.86328125,114
920,12.51953125,52
921,19.47265625,61
922,29.33984375,68
923,46.9453125,92
924,21.87109375,60
925,13.9921875,51
926,97.63671875,153
927,51.79296875,96
928,19.3984375,59
929,46.2421875,81
930,81.92578125,121
931,73.38671875,121
932,53.77734375,98
933,31.1875,67
934,68.73828125,104
935,27.78125,72
936,43.3671875,89
937,23.296875,65
938,75.74609375,137
939,9.3359375,41
940,45.69921875,93
941,9.75,41
942,84.75390625,130
943,68.3828125,109
944,22.578125,63
945,60.94921875,107
946,124.57421875,186
947,8.8125,43
948,72.6875,121
949,34.6875,84
950,39.64453125,76
951,238.75390625,327
952,29.32421875,74
953,13.8046875,51
954,14.04296875,48
955,61.32421875,100
956,29.05859375,61
957,25.53125,65
958,29.234375,69
959,23.39453125,60
960,45.37890625,94
961,21.44921875,58
962,87.6171875,135
963,31.57421875,70
964,75.40234375,121
965,56.7421875,99
966,98.64453125,164
967,166.125,246
968,59.82421875,125
969,22.625,59
970,21.875,56
971,23.6171875,64
972,59.3515625,94
973,32.578125,75
974,98.33203125,139
975,110.0625,153
976,32.71484375,79
977,30.37109375,73
978,15.5703125,51
979,43.9453125,99
980,65.7578125,115
981,119.63671875,173
982,62.57421875,108
983,88.30859375,159
984,12.3828125,45
985,36.98828125,79
986,18.69140625,63
987,20.265625,61
988,27.46875,71
989,57.65625,109
990,8.94921875,39
991,152.6484375,211
992,43.6328125,81
993,48.55078125,95
994,84.52734375,128
995,72.0703125,117
996,46.140625,98
997,68.05078125,111
998,204.25390625,280
999,22.75390625,70
1000,21.20703125,61
1001,125.06640625,193
1002,36.65625,78
1003,63.8828125,114
1004,39.6796875,82
1005,94.96875,158
1006,19.54296875,55
1007,17.2734375,58
1008,29.125,73
1009,51.30078125,102
1010,192.26953125,302
1011,23.921875,59
1012,137.61328125,192
1013,24.80859375,60
1014,28.5234375,77
1015,103.26171875,166
1016,134.89453125,270
1017,10.2421875,46
1018,120.5234375,180
1019,32.33984375,72
1020,27.97265625,75
1021,126.14453125,187
1022,51.73828125,102
1023,30.83984375,75
1024,79.328125,130
1025,28.51953125,73
1026,20.58203125,56
1027,9.1875,43
1028,61.30078125,112
1029,35.0859375,74
1030,142.140625,254
1031,35.6328125,89
1032,85.578125,123
1033,29.81640625,63
1034,244.94140625,356
1035,53.5234375,99
1036,65.59765625,118
1037,12.00390625,50
1038,225.97265625,298
1039,26.3515625,72
1040,63.6015625,106
1041,28.07421875,70
1042,101.01171875,146
1043,267.45703125,373
1044,158.91015625,250
1045,102.07421875,168
1046,63.8828125,108
1047,137.25,231
1048,19.1953125,61
1049,176.6015625,223
1050,20.69140625,61
1051,75.140625,115
1052,14.75,57
1053,53.3046875,95
1054,53.921875,113
1055,178.87890625,276
1056,81.05859375,151
1057,42.84375,87
1058,266.515625,328
1059,23.71875,71
1060,183.73046875,261
1061,21.51953125,68
1062,15.10546875,50
1063,20.89453125,59
1064,134.33203125,183
1065,15.88671875,51
1066,47.46875,102
1067,62.87890625,112
1068,37.15625,85
1069,21.375,59
1070,69.55078125,107
1071,37.10546875,78
1072,52.6953125,110
1073,38.421875,81
1074,25.703125,69
1075,9.6875,44
1076,49.94140625,95
1077,55.0703125,112
1078,23.76953125,65
1079,40.6484375,83
1080,24.8515625,60
1081,28.01171875,77
1082,23.42578125,59
1083,82.46875,139
1084,120.23828125,168
1085,20.23828125,67
1086,85.4375,120
1087,35.62890625,71
1088,27.671875,70
1089,11.29296875,44
1090,22.94140625,66
1091,162.671875,236
1092,203.00390625,269
1093,97.89453125,138
1094,207.015625,263
1095,23.60546875,62
1096,23.71484375,63
1097,107.359375,163
1098,78.93359375,128
1099,76.7265625,116
1100,26.1796875,68
1101,32.0703125,76
1102,68.23046875,107
1103,6.74609375,38
1104,58.36328125,109
1105,8.23046875,40
1106,171.78125,271
1107,51.140625,99
1108,26.95703125,65
1109,28.234375,69
1110,102.51953125,159
1111,113.30859375,196
1112,23.19921875,61
1113,19.859375,55
1114,65.09765625,113
1115,36.3203125,77
1116,15.52734375,52
1117,23.7109375,69
1118,21.8515625,56
1119,49.3203125,92
1120,38.87109375,81
1121,24.98828125,62
1122,40.12890625,79
1123,23.765625,71
1124,51.9765625,92
1125,26.8046875,69
1126,16.625,52
1127,44.51171875,81
1128,59.76953125,107
1129,62.77734375,120
1130,46.375,90
1131,10.875,41
1132,22.2109375,58
1133,27.109375,74
1134,73.09765625,124
1135,27.25390625,63
1136,46.84375,90
1137,42.02734375,91
1138,163.765625,221
1139,87.58984375,160
1140,26.97265625,69
1141,25.37890625,72
1142,118.39453125,177
1143,72.9140625,120
1144,28.4296875,67
1145,99.03515625,148
1146,111.765625,162
1147,139.74609375,193
1148,44.578125,89
1149,147.01953125,224
1150,74.96484375,112
1151,24.31640625,59
1152,2.65234375,33
1153,108.43359375,162
1154,41.33203125,88
1155,21.41015625,65
1156,148.03515625,224
1157,59.84375,100
1158,12.94140625,43
1159,50.2578125,114
1160,32.08203125,73
1161,148.34765625,234
1162,47.61328125,94
1163,77.97265625,135
1164,178.31640625,283
1165,52.890625,102
1166,19.1796875,48
1167,2.21875,32
1168,14.0390625,54
1169,121.37890625,203
1170,76.53125,123
1171,36.765625,81
1172,36.390625,80
1173,13.59765625,50
1174,10.0546875,42
1175,47.33984375,81
1176,15.85546875,59
1177,307.24609375,386
1178,14.3828125,52
1179,14.40234375,48
1180,48.75390625,96
1181,46.6328125,97
1182,42.3125,87
1183,164.20703125,232
1184,10.44921875,41
1185,34.5234375,72
1186,134.1875,194
1187,24.234375,60
1188,12.9609375,48
1189,47.51953125,93
1190,79.40234375,127
1191,10.40234375,41
1192,39.0390625,86
1193,6.45703125,37
1194,6.76953125,38
1195,60.19921875,110
1196,23.75390625,59
1197,175.30859375,239
1198,129.3828125,176
1199,56.19921875,97
1200,36.16015625,78
1201,229.11328125,324
1202,22.90234375,67
1203,105.1953125,157
1204,9.94921875,45
1205,217.78515625,351
1206,25.42578125,61
1207,51.3125,102
1208,65.04296875,112
1209,27.8984375,72
1210,45.1015625,79
1211,18.5625,51
1212,93.37109375,145
1213,133.80859375,181
1214,49.84765625,96
1215,53.640625,113
1216,55.9296875,100
1217,20.7265625,62
1218,37.03515625,88
1219,24.86328125,62
1220,26.25,69
1221,37.609375,81
1222,168.9453125,227
1223,60.41796875,99
1224,27.5859375,68
1225,71.1640625,118
1226,42.88671875,93
1227,109.1015625,170
1228,217.64453125,301
1229,5.28515625,37
1230,38.2265625,87
1231,31.22265625,66
1232,48.71484375,98
1233,182.96875,288
1234,25.85546875,60
1235,30.7890625,74
1236,95.7578125,153
1237,67.48046875,117
1238,67.19140625,113
1239,66.3203125,102
1240,89.84765625,146
1241,79.0625,130
1242,25.17578125,70
1243,62.5390625,112
1244,12.44921875,48
1245,89.78125,128
1246,29.79296875,80
1247,30.06640625,70
1248,20.140625,61
1249,54.640625,101
1250,48.1796875,109
1251,86.78125,124
1252,49.6171875,111
1253,34.15234375,78
1254,40.0078125,84
1255,22.86328125,62
1256,80.68359375,130
1257,26.20703125,76
1258,23.98828125,69
1259,141.55859375,195
1260,58.63671875,113
1261,252.484375,352
1262,181.234375,276
1263,215.24609375,302
1264,74.1015625,122
1265,18.40234375,53
1266,18.44921875,58
1267,213.0234375,306
1268,150.3125,212
1269,196.53515625,277
1270,56.328125,112
1271,278.13671875,364
1272,52.04296875,97
1273,73.02734375,112
1274,72.58984375,114
1275,3.1953125,32
1276,33.49609375,82
1277,82.04296875,127
1278,21.44140625,67
1279,11.30859375,44
1280,40.703125,89
1281,60.87890625,110
1282,18.36328125,52
1283,44.7265625,92
1284,22.40234375,69
1285,113.7109375,178
1286,40.56640625,85
1287,195.734375,279
1288,113.5859375,189
1289,154.72265625,222
1290,51.625,98
1291,36.3125,87
1292,62.046875,108
1293,35.84375,93
1294,17.4609375,55
1295,140.25,204
1296,6.5390625,38
1297,13.8046875,50
1298,44.07421875,90
1299,63.90234375,115
1300,39.421875,85
1301,34.12109375,74
1302,65.828125,118
1303,30.58984375,67
1304,32.71484375,72
1305,11.24609375,47
1306,156.96875,221
1307,345.41796875,445
1308,80.12890625,128
1309,80.765625,137
1310,12.9140625,46
1311,9.71484375,43
1312,20.88671875,58
1313,40.484375,84
1314,63.73828125,116
1315,81.77734375,118
1316,7.44921875,38
1317,16.6640625,49
1318,24.6328125,72
1319,44.140625,82
1320,39.2578125,92
1321,170.85546875,232
1322,20.87109375,59
1323,43.50390625,88
1324,106.1875,142
1325,171.4296875,235
1326,9.7421875,41
1327,150.390625,232
1328,21.7265625,58
1329,146.0234375,185
1330,187.14453125,269
1331,9.046875,40
1332,103.30078125,157
1333,35.7734375,74
1334,274.1875,369
1335,44.203125,89
1336,120.58984375,176
1337,44.87109375,94
1338,78.53125,139
1339,34.63671875,79
1340,92.19921875,151
1341,98.1953125,148
1342,216.2421875,283
1343,53.9765625,95
1344,119.53125,225
1345,29.5234375,71
1346,20.37890625,61
1347,59.796875,96
1348,13.30078125,45
1349,47.1875,100
1350,18.05078125,59
1351,32.09765625,66
1352,19.0390625,62
1353,35.94921875,81
1354,51.5390625,101
1355,32.8984375,80
1356,52.56640625,116
1357,64.8046875,118
1358,52.42578125,100
1359,40.1953125,81
1360,28.91796875,65
1361,68.1875,129
1362,203.1953125,296
1363,74.03125,119
1364,43.8359375,92
1365,27.23828125,68
1366,61.3359375,117
1367,59.57421875,95
1368,44.671875,87
1369,190.04296875,270
1370,19.46875,49
1371,10.39453125,40
1372,206.8203125,316
1373,9.41796875,46
1374,28.64453125,68
1375,27.6015625,65
1376,7.8359375,39
1377,36.58203125,79
1378,24.65625,71
1379,97.1328125,154
1380,152.34765625,201
1381,13.23828125,50
1382,54.45703125,107
1383,22.29296875,51
1384,71.515625,114
1385,17.07421875,52
1386,69.85546875,111
1387,33.91015625,83
1388,111.04296875,183
1389,25.81640625,64
1390,113.7421875,164
1391,15.1015625,45
1392,233.6171875,379
1393,45.05078125,92
1394,10.76953125,45
1395,80.04296875,126
1396,180.97265625,265
1397,62.2265625,119
1398,23.671875,66
1399,47.9765625,89
1400,144.81640625,227
1401,48.84765625,94
1402,25.66015625,69
1403,90.515625,161
1404,9.40625,41
1405,39.96875,80
1406,44.859375,99
1407,59.6875,108
1408,168.609375,248
1409,26.12890625,69
1410,83.12890625,139
1411,29.015625,68
1412,158.05078125,237
1413,42.65234375,91
1414,91.53515625,151
1415,85.46484375,125
1416,21.61328125,63
1417,240.953125,332
1418,30.78125,78
1419,21.2421875,67
1420,113.5234375,193
1421,12.03125,49
1422,182.21484375,255
1423,96.46484375,145
1424,10.50390625,44
1425,81.6171875,122
1426,17.48828125,49
1427,17.1171875,51
1428,34.5390625,76
1429,42.05078125,98
1430,86.55078125,124
1431,9.5078125,42
1432,21.86328125,64
1433,16.03515625,53
1434,302.6484375,397
1435,45.33203125,91
1436,24.75390625,64
1437,14.0625,49
1438,145.0625,201
1439,60.26953125,104
1440,97.2109375,141
1441,32.2421875,79
1442,23.81640625,61
1443,24.11328125,61
1444,19.578125,54
1445,43.90234375,86
1446,107.28515625,188
1447,129.88671875,208
1448,16.421875,54
1449,64.234375,132
1450,82.734375,128
1451,87.47265625,163
1452,18.5234375,50
1453,198.890625,276
1454,40.34765625,89
1455,101.07421875,174
1456,19.546875,59
1457,7.39453125,39
1458,8.18359375,44
1459,52.30078125,90
1460,35.890625,68
1461,35.7265625,76
1462,178.421875,269
1463,84.359375,131
1464,106.890625,170
1465,14.55859375,51
1466,19.1640625,57
1467,127.92578125,219
1468,30.53515625,75
1469,40.69140625,79
1470,113.0,164
1471,140.36328125,194
1472,27.36328125,70
1473,45.99609375,85
1474,125.14453125,228
1475,80.55078125,125
1476,52.0859375,99
1477,181.90234375,247
1478,20.6875,60
1479,52.31640625,98
1480,26.609375,70
1481,24.4609375,69
1482,118.26953125,184
1483,13.6484375,47
1484,76.55078125,114
1485,39.13671875,92
1486,72.17578125,116
1487,64.66015625,115
1488,146.1171875,195
1489,18.69140625,57
1490,16.62890625,50
1491,19.75,55
1492,197.1015625,276
1493,125.21875,198
1494,47.95703125,82
1495,23.828125,68
1496,83.6484375,129
1497,44.8203125,97
1498,40.11328125,87
1499,90.3984375,126
1500,35.60546875,79
1501,40.21875,98
1502,59.140625,99
1503,291.96484375,410
1504,45.90234375,81
1505,51.37109375,97
1506,76.0859375,129
1507,17.21875,53
1508,115.234375,180
1509,97.875,173
1510,24.0859375,70
1511,28.3671875,81
1512,68.58203125,123
1513,128.59765625,185
1514,84.95703125,147
1515,54.38671875,102
1516,117.5625,197
1517,105.734375,144
1518,109.38671875,161
1519,78.546875,131
1520,110.51171875,160
1521,48.66015625,92
1522,29.32421875,67
1523,100.09765625,148
1524,100.07421875,154
1525,150.16796875,241
1526,141.984375,228
1527,92.95703125,158
1528,63.640625,106
1529,174.34375,259
1530,191.0078125,289
1531,86.26953125,133
1532,128.37890625,208
1533,31.4921875,74
1534,80.1015625,126
1535,281.28515625,391
1536,216.40234375,269
1537,137.5234375,189
1538,45.72265625,77
1539,225.68359375,315
1540,51.3359375,98
1541,77.625,119
1542,128.58984375,203
1543,55.390625,96
1544,214.93359375,310
1545,196.0859375,280
1546,29.7421875,68
1547,6.546875,39
1548,62.34375,112
1549,21.01171875,66
1550,302.58984375,396
1551,167.46875,231
1552,130.47265625,193
1553,131.265625,205
1554,51.0625,100
1555,87.73828125,168
1556,90.0,155
1557,19.6015625,58
1558,58.87890625,111
1559,97.56640625,152
1560,32.13671875,73
1561,169.6640625,252
1562,13.3046875,44
1563,42.8359375,93
1564,49.30859375,91
1565,17.796875,55
1566,97.66015625,192
1567,16.328125,55
1568,27.5078125,70
1569,64.42578125,121
1570,42.8515625,82
1571,27.6640625,73
1572,86.87890625,124
1573,114.2109375,159
1574,22.046875,60
1575,3.84375,33
1576,13.609375,50
1577,210.5546875,337
1578,196.25390625,289
1579,85.9453125,147
1580,5.29296875,35
1581,46.0859375,80
1582,60.07421875,101
1583,25.921875,69
1584,27.96484375,64
1585,254.796875,401
1586,-2.29296875,23
1587,21.53515625,70
1588,82.390625,123
1589,28.46484375,64
1590,27.76953125,72
1591,52.21875,94
1592,293.75390625,401
1593,24.46484375,67
1594,57.66015625,107
1595,45.30859375,98
1596,51.66796875,96
1597,67.41796875,103
1598,32.8515625,82
1599,49.29296875,89
1600,51.7265625,98
1601,54.48828125,109
1602,177.51171875,303
1603,50.68359375,102
1604,41.51171875,90
1605,190.6953125,268
1606,69.859375,110
1607,157.79296875,218
1608,258.99609375,411
1609,32.1875,71
1610,258.89453125,375
1611,19.90234375,59
1612,134.50390625,233
1613,10.1640625,43
1614,11.91796875,44
1615,55.05859375,91
1616,248.6484375,348
1617,67.66796875,132
1618,89.50390625,145
1619,23.58203125,73
1620,150.27734375,210
1621,77.14453125,125
1622,41.47265625,81
1623,63.60546875,114
1624,31.28125,83
1625,189.88671875,270
1626,84.21875,124
1627,11.93359375,46
1628,116.6953125,154
1629,91.87109375,137
1630,147.8046875,196
1631,109.0703125,183
1632,65.84765625,106
1633,31.58984375,69
1634,43.8046875,92
1635,37.4609375,83
1636,27.453125,68
1637,15.0546875,54
1638,91.2265625,192
1639,103.7578125,149
1640,55.65625,104
1641,6.97265625,39
1642,41.30078125,88
1643,78.49609375,118
1644,73.96484375,118
1645,13.69140625,46
1646,38.50390625,80
1647,83.23828125,121
1648,74.30859375,134
1649,261.66796875,335
1650,308.578125,381
1651,70.796875,112
1652,89.4296875,166
1653,71.45703125,111
1654,93.31640625,129
1655,107.52734375,197
1656,172.30078125,237
1657,136.3125,213
1658,17.8828125,58
1659,52.57421875,97
1660,54.73046875,97
1661,297.984375,404
1662,75.3984375,120
1663,36.265625,79
1664,210.52734375,301
1665,91.74609375,168
1666,19.2421875,58
1667,223.6796875,322
1668,110.0546875,163
1669,167.87109375,229
1670,35.1796875,80
1671,18.9453125,58
1672,53.37890625,96
1673,17.75390625,50
1674,28.75,69
1675,46.66015625,89
1676,66.8671875,109
1677,97.69921875,140
1678,166.03515625,245
1679,107.01953125,173
1680,38.6640625,98
1681,40.56640625,84
1682,65.03125,121
1683,18.64453125,54
1684,56.828125,90
1685,45.08984375,83
1686,24.6640625,82
1687,168.0078125,217
1688,151.06640625,204
1689,10.43359375,42
1690,65.00390625,113
1691,84.86328125,123
1692,28.421875,69
1693,84.4765625,135
1694,27.921875,62
1695,225.45703125,326
1696,21.72265625,70
1697,29.13671875,75
1698,58.2890625,111
1699,104.2421875,165
1700,53.375,102
1701,20.09375,53
1702,49.84765625,98
1703,40.82421875,82
1704,37.88671875,76
1705,108.234375,161
1706,46.0703125,92
1707,159.33203125,208
1708,186.1328125,249
1709,30.4609375,64
1710,77.38671875,133
1711,201.61328125,273
1712,111.03515625,188
1713,96.875,142
1714,45.2578125,100
1715,40.8203125,80
1716,94.109375,145
1717,107.328125,173
1718,20.859375,60
1719,39.83203125,87
1720,148.48828125,222
1721,261.49609375,331
1722,28.00390625,64
1723,242.34375,326
1724,148.64453125,204
1725,114.56640625,157
1726,95.4609375,127
1727,81.49609375,123
1728,88.08203125,132
1729,104.79296875,140
1730,60.64453125,109
1731,46.79296875,97
1732,78.94140625,116
1733,87.41015625,141
1734,192.12890625,254
1735,58.796875,106
1736,14.4140625,50
1737,139.31640625,186
1738,250.1875,301
1739,18.3203125,56
1740,93.8828125,136
1741,186.0390625,256
1742,44.51171875,96
1743,125.16015625,187
1744,65.6796875,116
1745,175.5078125,235
1746,129.6796875,183
1747,224.4140625,280
1748,6.421875,35
1749,241.296875,301
1750,168.61328125,234
1751,36.42578125,89
1752,40.375,79
1753,24.125,61
1754,72.95703125,129
1755,188.15234375,257
1756,10.3125,44
1757,74.11328125,120
1758,191.40234375,262
1759,40.69140625,82
1760,194.0,313
1761,47.35546875,89
1762,44.71875,106
1763,192.890625,271
1764,30.0390625,70
1765,12.14453125,43
1766,64.15234375,106
1767,190.83203125,278
1768,216.171875,288
1769,206.67578125,271
1770,87.85546875,135
1771,278.3828125,384
1772,286.25390625,370
1773,358.8203125,449
1774,68.4296875,109
1775,182.4765625,269
1776,82.984375,142
1777,11.515625,47
1778,145.7421875,217
1779,149.99609375,285
1780,153.7265625,219
1781,222.19140625,279
1782,179.1796875,294
1783,36.40625,77
1784,44.73046875,84
1785,15.09375,50
1786,45.875,83
1787,28.5234375,69
1788,34.2109375,84
1789,194.5546875,280
1790,126.49609375,204
1791,190.4609375,305
1792,223.47265625,308
1793,73.5078125,108
1794,264.1640625,380
1795,43.7734375,87
1796,128.80078125,204
1797,96.54296875,134
1798,63.77734375,124
1799,234.9375,333
1800,48.4140625,93
1801,62.68359375,115
1802,219.78125,283
1803,36.42578125,94
1804,178.625,233
1805,268.34375,357
1806,93.10546875,142
1807,265.49609375,384
1808,126.453125,181
1809,13.921875,46
1810,44.1875,87
1811,38.8359375,84
1812,29.29296875,75
1813,81.875,130
1814,96.515625,140
1815,74.359375,122
1816,10.90234375,41
1817,108.25,177
1818,223.3203125,297
1819,67.6640625,114
1820,56.328125,99
1821,6.6171875,38
1822,11.2265625,46
1823,180.2421875,257
1824,27.2734375,67
1825,84.12890625,134
1826,105.35546875,180
1827,41.703125,92
1828,116.62109375,204
1829,110.60546875,164
1830,156.4296875,253
1831,33.17578125,71
1832,158.15234375,222
1833,54.28125,91
1834,169.9375,235
1835,41.65234375,82
1836,18.984375,55
1837,94.32421875,170
1838,37.4140625,80
1839,100.01171875,175
1840,23.203125,60
1841,34.37109375,87
1842,83.671875,119
1843,106.74609375,200
1844,26.68359375,63
1845,115.5234375,191
1846,43.71484375,92
1847,184.65234375,259
1848,54.734375,98
1849,52.64453125,88
1850,219.26953125,274
1851,152.8828125,227
1852,177.140625,233
1853,10.25390625,42
1854,26.59765625,71
1855,124.890625,184
1856,22.7109375,66
1857,350.16796875,450
1858,23.2421875,60
1859,42.109375,87
1860,14.0703125,47
1861,172.09765625,237
1862,39.34375,83
1863,35.359375,83
1864,192.37890625,271
1865,25.73046875,63
1866,20.1484375,66
1867,33.609375,80
1868,16.40625,51
1869,25.296875,66
1870,27.0546875,73
1871,33.81640625,80
1872,55.34765625,109
1873,22.5859375,71
1874,164.90234375,219
1875,40.0,79
1876,55.8125,92
1877,202.703125,302
1878,23.546875,74
1879,245.53515625,333
1880,33.37109375,83
1881,18.64453125,53
1882,66.78515625,124
1883,93.35546875,148
1884,242.046875,334
1885,58.625,106
1886,19.1328125,61
1887,50.69140625,93
1888,82.32421875,135
1889,66.64453125,110
1890,13.6875,50
1891,37.578125,71
1892,71.27734375,119
1893,50.4296875,99
1894,209.140625,299
1895,35.10546875,72
1896,47.91015625,97
1897,65.76171875,121
1898,171.09375,265
1899,38.796875,73
1900,149.859375,192
1901,134.16796875,180
1902,204.921875,269
1903,33.99609375,76
1904,202.9453125,259
1905,43.59765625,81
1906,24.328125,70
1907,211.81640625,314
1908,64.94921875,105
1909,94.4296875,132
1910,312.95703125,483
1911,278.08203125,380
1912,201.2109375,326
1913,253.9375,363
1914,126.53515625,171
1915,283.9609375,391
1916,206.91015625,282
1917,13.0625,46
1918,169.00390625,249
1919,87.05859375,132
1920,11.27734375,45
1921,38.76953125,86
1922,141.8125,220
1923,49.0390625,98
1924,42.69921875,94
1925,49.14453125,102
1926,160.3359375,241
1927,31.1328125,68
1928,87.53515625,131
1929,18.05859375,56
1930,329.875,466
1931,52.65234375,94
1932,15.390625,51
1933,12.90234375,47
1934,100.63671875,142
1935,114.9765625,174
1936,63.59375,119
1937,180.82421875,285
1938,30.296875,65
1939,45.7734375,81
1940,44.96875,88
1941,74.296875,111
1942,108.93359375,169
1943,317.8046875,405
1944,58.17578125,111
1945,21.63671875,54
1946,64.8828125,114
1947,110.92578125,182
1948,3.04296875,34
1949,72.13671875,121
1950,64.40234375,109
1951,38.21875,83
1952,114.68359375,214
1953,146.63671875,212
1954,23.5,62
1955,181.55078125,261
1956,44.4609375,89
1957,132.015625,189
1958,123.796875,185
1959,45.0546875,98
1960,52.09375,102
1961,15.58984375,52
1962,22.94140625,60
1963,78.11328125,120
1964,22.1640625,57
1965,68.78125,122
1966,109.1953125,171
1967,4.0078125,34
1968,76.796875,121
1969,113.703125,172
1970,23.08203125,59
1971,27.02734375,66
1972,216.51171875,285
1973,68.7578125,109
1974,26.75,69
1975,25.3671875,64
1976,204.7421875,271
1977,58.51953125,95
1978,202.9375,277
1979,74.16796875,122
1980,242.46484375,334
1981,128.0,185
1982,234.89453125,342
1983,29.11328125,75
1984,29.39453125,69
1985,8.91796875,39
1986,57.48828125,106
1987,26.51953125,70
1988,14.08203125,43
1989,54.50390625,89
1990,38.42578125,81
1991,19.8203125,53
1992,71.49609375,125
1993,10.94921875,41
1994,193.66796875,260
1995,281.515625,344
1996,17.55078125,56
1997,19.25,56
1998,28.55078125,66
1999,29.47265625,69
2000,20.94140625,66
2001,34.04296875,79
2002,15.015625,47
2003,290.15625,370
2004,14.03125,43
2005,70.64453125,111
2006,14.55078125,46
2007,129.76953125,191
2008,27.86328125,68
2009,7.640625,39
2010,22.20703125,61
2011,32.47265625,69
2012,169.37890625,221
2013,130.97265625,189
2014,115.81640625,174
2015,117.04296875,172
2016,10.0,42
2017,81.96484375,123
2018,63.828125,118
2019,266.29296875,352
2020,88.5703125,129
2021,66.52734375,117
2022,65.70703125,116
2023,25.43359375,62
2024,72.19921875,128
2025,64.875,110
2026,80.4140625,121
2027,343.03125,423
2028,74.4453125,113
2029,80.6015625,136
2030,89.8984375,140
2031,10.40234375,41
2032,163.08203125,237
2033,9.88671875,41
2034,27.9921875,69
2035,102.76953125,156
2036,7.96484375,39
2037,21.03515625,57
2038,62.4765625,116
2039,65.6484375,110
2040,3.39453125,32
2041,92.38671875,134
2042,92.0078125,152
2043,53.78125,104
2044,75.0390625,125
2045,80.7421875,124
2046,8.98828125,40
2047,36.35546875,71
2048,41.59375,80
2049,174.37890625,236
2050,106.99609375,168
2051,203.51171875,270
2052,7.51171875,39
2053,31.90625,65
2054,81.61328125,129
2055,150.96484375,217
2056,54.20703125,91
2057,22.49609375,56
2058,149.8359375,199
2059,54.76953125,92
2060,82.93359375,152
2061,12.94921875,51
2062,142.55859375,208
2063,38.3671875,81
2064,54.69921875,92
2065,75.45703125,120
2066,48.36328125,89
2067,47.5546875,99
2068,124.17578125,197
2069,22.58984375,58
2070,10.53515625,44
2071,20.02734375,55
2072,23.0078125,63
2073,11.390625,42
2074,121.05859375,176
2075,147.30859375,202
2076,116.45703125,165
2077,17.3359375,57
2078,203.5625,304
2079,110.8203125,159
2080,2.22265625,31
2081,25.45703125,63
2082,73.39453125,111
2083,50.328125,97
2084,35.45703125,75
2085,184.08984375,251
2086,135.69921875,187
2087,100.45703125,145
2088,135.1796875,213
2089,47.98046875,94
2090,271.9140625,368
2091,113.8046875,185
2092,65.23046875,122
2093,42.90234375,93
2094,275.60546875,356
2095,49.21875,98
2096,37.38671875,82
2097,261.84765625,348
2098,77.26953125,117
2099,160.66015625,223
2100,23.109375,68
2101,11.85546875,46
2102,15.67578125,49
2103,139.92578125,210
2104,208.80859375,300
2105,88.06640625,124
2106,32.28515625,70
2107,164.52734375,213
2108,6.640625,39
2109,104.515625,145
2110,46.0703125,94
2111,236.08203125,320
2112,3.34375,32
2113,106.3125,161
2114,132.19140625,181
2115,140.68359375,189
2116,182.125,238
2117,82.40625,125
2118,54.203125,96
2119,6.6796875,38
2120,89.5859375,141
2121,320.4140625,451
2122,109.59765625,148
2123,97.515625,142
2124,51.48046875,95
2125,3.46484375,31
2126,299.30078125,378
2127,-2.5,24
2128,2.33984375,31
2129,117.39453125,180
2130,32.46875,72
2131,256.6328125,335
2132,39.1484375,77
2133,203.53125,308
2134,95.34765625,141
2135,73.8203125,122
2136,134.77734375,197
2137,97.0390625,149
2138,97.34375,155
2139,207.2734375,298
2140,10.07421875,41
2141,159.43359375,212
2142,40.91796875,83
2143,64.33203125,114
2144,18.6171875,52
2145,15.5859375,52
2146,82.78515625,119
2147,39.3984375,86
2148,149.20703125,199
2149,172.5390625,251
2150,103.2890625,140
2151,7.6015625,39
2152,159.99609375,262
2153,4.84765625,34
2154,96.3046875,138
2155,2.2578125,30
2156,216.03515625,308
2157,225.12890625,291
2158,9.4765625,42
2159,34.25,71
2160,21.62109375,58
2161,38.8984375,77
2162,46.2734375,88
2163,184.5625,258
2164,70.30859375,118
2165,330.3125,402
2166,311.26171875,388
2167,215.359375,293
2168,69.6640625,102
2169,82.96484375,121
2170,250.29296875,310
2171,92.296875,143
2172,60.05859375,102
2173,103.14453125,161
2174,161.82421875,238
2175,32.83203125,82
2176,144.39453125,193
2177,107.28515625,164
2178,91.26953125,127
2179,140.43359375,189
2180,228.11328125,268
2181,89.6796875,126
2182,351.91796875,429
2183,187.3125,254
2184,34.4140625,73
2185,44.58203125,78
2186,146.125,245
2187,39.5625,82
2188,147.1875,194
2189,252.62890625,327
2190,232.5,359
2191,225.23828125,350
2192,19.46484375,59
2193,146.01953125,209
2194,7.9140625,41
2195,89.21484375,134
2196,133.484375,184
2197,384.9765625,474
2198,114.67578125,180
2199,53.47265625,110
2200,120.76953125,167
2201,24.5625,62
2202,49.65625,88
2203,255.12890625,303
2204,16.76171875,54
2205,259.95703125,329
2206,129.046875,175
2207,66.3515625,106
2208,13.93359375,47
2209,296.04296875,374
2210,72.3828125,109
2211,87.578125,132
2212,116.234375,171
2213,20.46484375,56
2214,38.7421875,81
2215,20.140625,54
2216,42.859375,84
2217,43.65234375,81
2218,29.52734375,69
2219,29.10546875,68
2220,51.02734375,87
2221,26.0859375,67
2222,193.80859375,271
2223,91.38671875,137
2224,202.5625,312
2225,83.421875,118
2226,83.2734375,123
2227,18.52734375,60
2228,23.94140625,57
2229,261.7109375,327
2230,26.421875,68
2231,13.04296875,41
2232,78.21484375,137
2233,30.265625,65
2234,41.58984375,82
2235,16.10546875,52
2236,220.58984375,282
2237,66.46484375,102
2238,49.9765625,96
2239,71.55078125,122
2240,13.32421875,48
2241,141.23828125,201
2242,7.1640625,39
2243,7.24609375,40
2244,17.10546875,51
2245,163.0390625,222
2246,173.42578125,268
2247,10.09765625,46
2248,30.56640625,75
2249,41.48828125,80
2250,108.88671875,175
2251,41.3203125,80
2252,60.54296875,99
2253,89.96875,134
2254,97.6796875,145
2255,66.30078125,113
2256,28.6640625,67
2257,24.76953125,67
2258,27.703125,62
2259,56.34765625,96
2260,139.82421875,205
2261,81.875,121
2262,71.68359375,118
2263,74.09375,114
2264,55.328125,113
2265,58.3828125,106
2266,190.828125,301
2267,82.73046875,134
2268,282.4375,337
2269,124.296875,172
2270,85.53515625,122
2271,128.84375,174
2272,174.20703125,272
2273,35.01171875,75
2274,12.37890625,45
2275,96.59765625,134
2276,10.32421875,41
2277,32.9140625,81
2278,7.609375,38
2279,266.82421875,380
2280,23.09765625,68
2281,135.6875,201
2282,79.55078125,148
2283,54.10546875,99
2284,154.03515625,203
2285,7.890625,39
2286,64.77734375,100
2287,17.6328125,48
2288,65.5,105
2289,10.8984375,45
2290,29.29296875,61
2291,8.6796875,42
2292,16.1640625,48
2293,-1.83984375,24
2294,9.79296875,42
2295,107.00390625,157
2296,76.83203125,116
2297,22.5703125,60
2298,32.78125,72
2299,13.90234375,46
2300,12.84765625,50
2301,11.34765625,45
2302,56.98046875,91
2303,267.0,341
2304,123.5703125,184
2305,11.65234375,44
2306,10.31640625,45
2307,148.0859375,197
2308,3.83984375,34
2309,11.50390625,43
2310,22.0078125,73
2311,281.6953125,362
2312,75.9140625,116
2313,80.44140625,123
2314,84.3359375,135
2315,47.41015625,88
2316,110.70703125,173
2317,7.5234375,40
2318,74.75,153
2319,83.2421875,127
2320,107.7578125,169
2321,56.65234375,94
2322,2.64453125,32
2323,47.140625,90
2324,89.0078125,129
2325,87.3203125,125
2326,152.2265625,213
2327,6.1171875,38
2328,0.19140625,28
2329,9.33203125,43
2330,48.2578125,79
2331,282.56640625,403
2332,20.609375,67
2333,7.96875,39
2334,94.52734375,149
2335,85.83203125,142
2336,37.28515625,78
2337,40.5625,86
2338,116.27734375,158
2339,215.2109375,315
2340,92.1640625,130
2341,121.2578125,165
2342,25.37890625,61
2343,107.4375,164
2344,10.7109375,43
2345,7.88671875,39
2346,19.68359375,57
2347,47.35546875,99
2348,90.9765625,133
2349,149.5859375,199
2350,98.23828125,161
2351,79.81640625,120
2352,68.4375,116
2353,79.59375,120
2354,71.98046875,117
2355,12.80078125,46
2356,10.5234375,43
2357,48.52734375,95
2358,63.39453125,120
2359,36.3203125,70
2360,44.02734375,93
2361,36.8984375,82
2362,314.83984375,421
2363,16.89453125,46
2364,68.4921875,117
2365,52.8515625,99
2366,111.390625,195
2367,110.0546875,167
2368,77.453125,118
2369,27.52734375,63
2370,33.83984375,65
2371,55.69140625,96
2372,28.12890625,63
2373,45.66015625,98
2374,15.3203125,47
2375,22.75,57
2376,409.21875,562
2377,127.28515625,212
2378,198.34765625,273
2379,38.61328125,83
2380,25.546875,70
2381,23.3359375,61
2382,255.48046875,351
2383,22.15625,61
2384,292.31640625,391
2385,59.8671875,104
2386,90.7265625,134
2387,56.18359375,110
2388,84.30859375,126
2389,85.2578125,131
2390,114.96875,203
2391,22.15625,62
2392,273.578125,388
2393,35.44140625,74
2394,103.27734375,168
2395,74.34765625,123
2396,8.015625,39
2397,9.4609375,42
2398,23.3125,54
2399,92.19140625,131
2400,32.16015625,70
2401,12.1328125,50
2402,208.6328125,274
2403,95.5390625,142
2404,28.12890625,65
2405,40.32421875,81
2406,9.890625,43
2407,147.69140625,204
2408,127.0,187
2409,134.18359375,232
2410,92.30078125,136
2411,22.6875,69
2412,463.52734375,633
2413,23.19140625,70
2414,107.79296875,172
2415,18.15625,54
2416,43.93359375,94
2417,81.9765625,134
2418,25.3984375,63
2419,10.6796875,42
2420,20.40625,54
2421,26.8515625,73
2422,13.53515625,46
2423,51.09765625,112
2424,86.3828125,131
2425,48.27734375,89
2426,-0.18359375,27
2427,32.828125,74
2428,70.8828125,119
2429,34.3828125,70
2430,20.06640625,65
2431,20.83984375,67
2432,12.34375,43
2433,14.80859375,49
2434,8.578125,38
2435,73.10546875,112
2436,7.69921875,41
2437,60.5234375,100
2438,21.5390625,55
2439,31.82421875,72
2440,61.859375,106
2441,23.82421875,62
2442,20.50390625,54
2443,18.40234375,55
2444,14.0234375,46
2445,35.8515625,72
2446,99.0703125,148
2447,10.14453125,40
2448,8.79296875,40
2449,16.89453125,60
2450,18.29296875,57
2451,6.61328125,39
2452,24.35546875,63
2453,12.66796875,44
2454,36.8515625,76
2455,22.67578125,58
2456,19.8984375,56
2457,17.953125,61
2458,102.24609375,139
2459,22.96484375,58
2460,85.37890625,133
2461,43.6796875,87
2462,70.8203125,115
2463,35.64453125,78
2464,17.36328125,56
2465,1.76171875,30
2466,9.3203125,46
2467,75.59765625,120
2468,225.9921875,300
2469,11.05859375,40
2470,5.28515625,36
2471,63.45703125,100
2472,28.40625,65
2473,28.4609375,83
2474,3.95703125,35
2475,60.953125,110
2476,63.671875,122
2477,72.02734375,117
2478,9.34765625,40
2479,46.1171875,91
2480,7.6328125,37
2481,8.51171875,40
2482,21.31640625,55
2483,125.9453125,193
2484,8.484375,42
2485,3.0390625,33
2486,9.21875,42
2487,48.6875,85
2488,21.0390625,58
2489,11.0,45
2490,8.16796875,41
2491,11.76953125,41
2492,22.58984375,61
2493,50.85546875,93
2494,58.30859375,117
2495,59.90625,133
2496,81.25390625,148
2497,32.22265625,70
2498,34.3671875,74
2499,14.36328125,48
2500,78.1484375,132
2501,8.9921875,43
2502,7.2265625,39
2503,134.28125,215
2504,2.72265625,32
2505,11.00390625,43
2506,6.2109375,36
2507,34.9765625,70
2508,22.42578125,62
2509,124.35546875,168
2510,16.97265625,53
2511,63.515625,105
2512,40.58984375,77
2513,3.515625,32
2514,163.1953125,234
2515,113.734375,171
2516,57.23046875,94
2517,32.30078125,85
2518,69.5703125,105
2519,22.3671875,61
2520,22.796875,63
2521,15.15625,50
2522,17.125,54
2523,27.91015625,61
2524,100.28515625,166
2525,53.4765625,105
2526,5.55859375,35
2527,12.0234375,49
2528,52.05859375,95
2529,12.37890625,43
2530,21.58984375,59
2531,31.49609375,67
2532,15.6875,48
2533,102.42578125,159
2534,16.21875,53
2535,35.27734375,76
2536,59.5390625,96
2537,38.5078125,75
2538,82.04296875,126
2539,107.70703125,166
2540,27.37890625,69
2541,14.0546875,45
2542,11.41015625,43
2543,19.80078125,58
2544,7.859375,41
2545,15.16796875,51
2546,12.57421875,45
2547,13.48828125,45
2548,15.19921875,48
2549,8.16015625,41
2550,13.859375,44
2551,217.09765625,314
2552,86.18359375,124
2553,57.6796875,105
2554,21.2421875,60
2555,9.71484375,41
2556,33.27734375,75
2557,14.234375,47
2558,74.109375,123
2559,17.15625,51
2560,2.25390625,32
2561,106.0078125,154
2562,9.4140625,43
2563,6.375,35
2564,4.625,34
2565,18.7109375,51
2566,120.89453125,177
2567,112.4453125,158
2568,11.2421875,44
2569,82.78515625,128
2570,15.30078125,50
2571,10.99609375,46
2572,264.95703125,404
2573,43.12890625,80
2574,21.52734375,58
2575,42.18359375,88
2576,41.02734375,81
2577,63.8984375,127
2578,22.31640625,63
2579,14.4375,45
2580,43.83203125,84
2581,11.90625,44
2582,27.546875,70
2583,22.5390625,62
2584,51.7421875,93
2585,40.01171875,88
2586,30.37890625,71
2587,29.03125,83
2588,18.95703125,58
2589,14.83203125,48
2590,44.83203125,90
2591,47.1640625,75
2592,44.30078125,90
2593,16.4453125,51
2594,23.86328125,62
2595,38.6171875,83
2596,49.88671875,90
2597,25.24609375,70
2598,28.2265625,64
2599,52.15625,87
2600,19.37109375,53
2601,36.0,77
2602,69.828125,111
2603,9.87109375,42
2604,17.671875,51
2605,3.671875,32
2606,19.63671875,54
2607,15.5,49
2608,7.5234375,40
2609,2.51953125,32
2610,8.8828125,40
2611,3.70703125,31
2612,30.4453125,70
2613,26.8515625,67
2614,44.37109375,93
2615,9.39453125,41
2616,79.27734375,132
2617,14.23046875,48
2618,20.28125,59
2619,130.69140625,188
2620,11.69921875,46
2621,31.45703125,68
2622,87.99609375,154
2623,65.28125,102
2624,67.66015625,113
2625,40.91796875,82
2626,58.2734375,96
2627,32.06640625,65
2628,81.86328125,129
2629,76.109375,127
2630,126.55859375,201
2631,29.484375,63
2632,202.0859375,334
2633,20.1171875,55
2634,8.71875,38
2635,49.58984375,104
2636,35.9609375,82
2637,5.59765625,39
2638,31.86328125,85
2639,274.03125,369
2640,49.43359375,91
2641,60.2109375,103
2642,24.84375,59
2643,232.83203125,354
2644,44.125,77
2645,48.359375,90
2646,37.40234375,82
2647,125.34765625,184
2648,15.61328125,51
2649,73.23828125,114
2650,32.2734375,72
2651,238.8046875,370
2652,92.0,139
2653,2.5078125,30
2654,46.9609375,88
2655,39.96484375,78
2656,144.70703125,197
2657,24.25390625,73
2658,57.84375,98
2659,16.43359375,54
2660,84.8203125,126
2661,27.0078125,65
2662,53.0234375,90
2663,10.72265625,42
2664,72.65625,123
2665,72.45703125,124
2666,40.19140625,82
2667,42.88671875,82
2668,46.78125,91
2669,26.76171875,68
2670,78.6171875,117
2671,33.87890625,65
2672,133.19140625,185
2673,126.19140625,209
2674,30.734375,73
2675,27.54296875,63
2676,118.16796875,194
2677,84.26953125,122
2678,94.1171875,162
2679,217.1484375,293
2680,43.95703125,81
2681,40.69140625,80
2682,19.4453125,58
2683,85.76171875,138
2684,65.41796875,121
2685,152.29296875,221
2686,197.234375,254
2687,124.0078125,183
2688,5.71875,37
2689,22.859375,61
2690,28.046875,72
2691,27.578125,64
2692,124.046875,187
2693,30.7265625,76
2694,58.01953125,118
2695,72.65625,114
2696,30.58984375,66
2697,144.44921875,224
2698,31.91796875,73
2699,30.4375,69
2700,57.58984375,104
2701,29.3671875,70
2702,3.43359375,32
2703,24.33203125,59
2704,109.78515625,159
2705,14.49609375,43
2706,80.53515625,128
2707,61.17578125,125
2708,64.453125,107
2709,197.421875,275
2710,98.27734375,140
2711,73.16015625,110
2712,76.91796875,119
2713,27.046875,66
2714,136.9453125,212
2715,141.90625,237
2716,59.79296875,118
2717,413.50390625,518
2718,250.1015625,350
2719,109.46875,198
2720,38.45703125,72
2721,18.41796875,46
2722,80.51953125,119
2723,89.95703125,170
2724,147.671875,240
2725,14.59375,49
2726,18.90625,68
2727,15.1875,46
2728,109.4453125,198
2729,172.54296875,243
2730,23.69140625,60
2731,96.2578125,138
2732,93.359375,134
2733,2.82421875,32
2734,35.44921875,77
2735,51.05859375,104
2736,194.1484375,286
2737,249.34765625,328
2738,24.140625,64
2739,18.5546875,45
2740,25.20703125,61
2741,116.5390625,162
2742,33.09765625,90
2743,29.8046875,69
2744,4.0078125,32
2745,42.765625,76
2746,223.34765625,304
2747,29.96484375,74
2748,110.45703125,154
2749,13.51953125,47
2750,71.609375,132
2751,87.77734375,133
2752,83.16015625,126
2753,18.7109375,57
2754,26.4609375,64
2755,86.08203125,131
2756,58.08203125,128
2757,107.234375,157
2758,19.3828125,56
2759,31.05859375,73
2760,89.29296875,124
2761,52.25390625,101
2762,16.61328125,51
2763,234.7734375,350
2764,200.78125,272
2765,108.0390625,187
2766,3.8828125,34
2767,143.33984375,197
2768,123.9609375,158
2769,116.74609375,155
2770,45.34375,100
2771,32.30859375,84
2772,46.36328125,102
2773,207.33984375,270
2774,62.0234375,99
2775,222.94921875,303
2776,158.765625,258
2777,66.36328125,106
2778,188.57421875,293
2779,96.32421875,145
2780,268.73046875,341
2781,61.8984375,101
2782,267.7734375,333
2783,146.1796875,192
2784,65.2421875,131
2785,129.80078125,189
2786,111.6875,162
2787,358.71484375,429
2788,36.95703125,78
2789,42.015625,78
2790,68.1796875,117
2791,82.02734375,122
2792,197.28125,256
2793,302.41796875,397
2794,171.640625,244
2795,126.93359375,177
2796,104.78125,141
2797,138.0859375,212
2798,33.6875,70
2799,17.62109375,52
2800,82.31640625,118
2801,98.91015625,195
2802,36.91015625,87
2803,213.90234375,265
2804,70.47265625,115
2805,140.4296875,197
2806,302.1796875,398
2807,136.0625,204
2808,107.74609375,169
2809,262.65625,329
2810,302.078125,426
2811,40.28125,94
2812,143.5234375,204
2813,308.328125,384
2814,103.796875,159
2815,64.4921875,118
2816,204.984375,283
2817,186.2421875,263
2818,314.16796875,397
2819,32.7578125,80
2820,74.4375,118
2821,80.66796875,125
2822,384.6875,492
2823,115.88671875,178
2824,37.17578125,81
2825,303.65625,403
2826,59.9140625,109
2827,213.1640625,275
2828,47.3125,82
2829,84.24609375,119
2830,31.984375,75
2831,175.328125,239
2832,57.33984375,101
2833,145.52734375,197
2834,371.61328125,459
2835,279.26171875,356
2836,59.81640625,100
2837,274.296875,343
2838,179.5625,250
2839,405.69140625,468
2840,167.6484375,233
2841,657.2109375,813
2842,215.09375,282
2843,62.671875,121
2844,241.265625,351
2845,9.95703125,39
2846,239.85546875,356
2847,24.5703125,72
2848,208.79296875,294
2849,8.5234375,40
2850,544.1484375,669
2851,300.328125,384
2852,24.54296875,56
2853,654.48828125,822
2854,173.078125,227
2855,293.52734375,376
2856,29.47265625,63
2857,101.2421875,145
2858,1115.37890625,1278
2859,20.90234375,48
2860,128.80078125,221
2861,253.73046875,353
2862,241.58203125,322
2863,65.28515625,118
2864,139.91796875,217
2865,32.2890625,78
2866,291.1328125,384
2867,184.1171875,247
2868,163.4609375,221
2869,133.25,223
2870,49.9765625,127
2871,22.72265625,50
2872,256.21875,368
2873,199.39453125,266
2874,205.1328125,294
2875,722.703125,900
2876,38.01953125,81
2877,80.30859375,151
2878,26.08984375,69
2879,297.96484375,370
2880,36.87109375,80
2881,148.7734375,220
2882,731.75390625,861
2883,81.00390625,132
2884,26.08984375,73
2885,73.875,132
2886,92.62890625,133
2887,321.21484375,404
2888,101.41796875,150
2889,38.59765625,85
2890,251.87109375,362
2891,387.41796875,507
2892,70.6796875,111
2893,461.11328125,558
2894,10.1640625,46
2895,250.89453125,330
2896,193.41796875,262
2897,309.2734375,410
2898,80.77734375,126
2899,234.6875,294
2900,140.11328125,216
2901,371.0859375,485
2902,151.25,208
2903,30.85546875,78
2904,293.32421875,377
2905,152.7734375,227
2906,203.35546875,282
2907,75.859375,125
2908,458.6171875,561
2909,254.94921875,332
2910,361.66796875,508
2911,85.38671875,128
2912,469.28125,560
2913,79.78515625,120
2914,291.2890625,363
2915,133.55078125,209
2916,601.77734375,751
2917,48.56640625,87
2918,466.59765625,560
2919,56.87890625,107
2920,760.7109375,920
2921,128.33203125,221
2922,236.45703125,362
2923,312.265625,377
2924,319.5390625,410
2925,391.1015625,501
2926,322.203125,424
2927,555.04296875,682
2928,198.4921875,259
2929,104.84375,159
2930,144.82421875,218
2931,568.1328125,710
2932,54.6640625,95
2933,8.140625,39
2934,169.5625,240
2935,69.88671875,114
2936,109.87109375,190
2937,307.26953125,391
2938,20.01171875,57
2939,119.9765625,210
2940,217.53515625,286
2941,29.81640625,82
2942,225.91015625,295
2943,245.8046875,319
2944,664.5546875,823
2945,11.16796875,44
2946,397.3671875,545
2947,285.59375,353
2948,228.61328125,294
2949,754.95703125,915
2950,669.8671875,826
2951,121.46484375,216
2952,165.109375,212
2953,57.37109375,121
2954,325.0234375,441
2955,619.48828125,762
2956,39.7421875,93
2957,195.890625,263
2958,154.02734375,238
2959,589.11328125,750
2960,293.16015625,401
2961,345.75,434
2962,213.52734375,302
2963,182.12109375,253
2964,299.22265625,396
2965,77.62109375,138
2966,225.80859375,302
2967,112.48828125,161
2968,446.8359375,546
2969,66.67578125,106
2970,127.4296875,175
2971,226.2265625,308
2972,22.3828125,59
2973,22.07421875,57
2974,358.96875,460
2975,292.26953125,398
2976,112.07421875,161
2977,355.6015625,491
2978,266.91796875,364
2979,148.51171875,222
2980,633.6484375,819
2981,50.2890625,98
2982,340.6484375,442
2983,248.3671875,300
2984,318.94921875,404
2985,124.0625,183
2986,137.0625,193
2987,567.0234375,741
2988,297.41796875,450
2989,295.078125,407
2990,462.4453125,560
2991,60.62109375,104
2992,1149.6796875,1311
2993,342.1875,404
2994,132.80078125,199
2995,424.90234375,558
2996,452.88671875,560
2997,308.8046875,397
2998,619.09375,739
2999,344.3828125,442
3000,730.484375,817
3001,55.1875,102
3002,645.51953125,760
3003,312.87109375,373
3004,126.81640625,191
3005,212.75,280
3006,186.0078125,247
3007,92.609375,140
3008,389.8125,465
3009,387.3125,490
3010,314.0078125,424
3011,145.2734375,200
3012,329.63671875,417
3013,484.359375,559
3014,314.0546875,401
3015,378.03125,488
3016,94.1328125,129
3017,466.0234375,558
3018,122.3984375,187
3019,179.859375,243
3020,275.7421875,386
3021,789.0859375,926
3022,643.72265625,754
3023,229.87109375,299
3024,67.98828125,106
3025,968.078125,1132
3026,123.0234375,213
3027,886.4765625,1115
3028,101.7734375,178
3029,450.42578125,588
3030,459.046875,553
3031,216.22265625,283
3032,284.59765625,358
3033,-2.640625,23
3034,680.80078125,823
3035,464.6875,558
3036,313.2734375,423
3037,43.453125,80
3038,307.65625,391
3039,335.05078125,393
3040,692.35546875,822
3041,466.05859375,565
3042,301.234375,395
3043,559.09375,667
3044,119.59765625,200
3045,35.921875,83
3046,984.875,1220
3047,450.16796875,546
3048,32.8984375,80
3049,183.41796875,282
3050,87.2421875,134
3051,456.8984375,560
3052,389.890625,492
3053,330.8515625,469
3054,295.98046875,398
3055,224.45703125,294
3056,151.33984375,217
3057,803.83203125,1011
3058,703.30078125,806
3059,176.3359375,247
3060,145.68359375,205
3061,146.5703125,195
3062,109.66015625,186
3063,246.9140625,314
3064,69.390625,123
3065,56.30859375,99
3066,313.46875,406
3067,215.578125,276
3068,681.4296875,829
3069,624.16015625,745
3070,702.56640625,818
3071,949.80078125,1133
3072,292.24609375,391
3073,436.6796875,559
3074,329.46484375,404
3075,109.08203125,162
3076,469.078125,557
3077,416.23046875,543
3078,149.04296875,247
3079,717.02734375,827
3080,34.6953125,78
3081,489.76953125,656
3082,1102.3515625,1321
3083,320.2421875,396
3084,172.05078125,223
3085,596.68359375,737
3086,159.27734375,218
3087,164.52734375,218
3088,246.265625,296
3089,120.2421875,202
3090,234.88671875,295
3091,453.125,554
3092,456.765625,557
3093,1071.26171875,1231
3094,471.45703125,557
3095,485.20703125,562
3096,128.26953125,180
3097,376.140625,473
3098,315.77734375,439
3099,1036.1875,1163
3100,78.6953125,127
3101,977.46484375,1140
3102,1113.16015625,1318
3103,483.703125,559
3104,1330.75390625,1590
3105,1410.03515625,1588
3106,1153.41796875,1319
3107,967.04296875,1134
3108,477.90625,557
3109,1412.1171875,1586
3110,1154.35546875,1322
3111,330.42578125,403
3112,705.765625,827
3113,174.07421875,226
3114,1316.62890625,1593
3115,93.53515625,152
3116,661.8828125,816
3117,721.79296875,820
3118,133.23046875,184
3119,1328.8828125,1581
3120,498.13671875,556
3121,372.0703125,460
3122,737.12109375,823
3123,1424.921875,1586
3124,711.921875,823
3125,475.78515625,563
3126,702.9296875,820
3127,243.33203125,327
3128,259.20703125,322
3129,1402.29296875,1576
3130,302.43359375,360
3131,397.75390625,461
3132,494.4140625,577
3133,95.9296875,150
3134,1124.5625,1317
3135,1416.53125,1590
3136,992.953125,1142
3137,358.74609375,447
3138,293.8671875,394
3139,367.30078125,421
3140,351.1640625,421
3141,528.84765625,651
3142,391.13671875,460
3143,1403.46875,1589
3144,507.4453125,567
3145,842.86328125,941
3146,1196.89453125,1313
3147,735.11328125,820
3148,499.37109375,557
3149,794.9921875,946
3150,1239.40625,1340
3151,486.8671875,558
3152,484.265625,556
3153,1251.9296875,1343
3154,1461.359375,1584
3155,1497.0859375,1612
3156,429.2421875,488
3157,736.8515625,814
3158,1185.375,1315
3159,504.73828125,564
3160,741.25390625,851
3161,1200.6484375,1315
3162,748.42578125,819
3163,1168.640625,1315
3164,1468.56640625,1605
3165,499.65234375,556
3166,917.125,1047
3167,1424.91796875,1586
3168,115.6484375,160
3169,440.4921875,515
3170,37.20703125,87
3171,1025.14453125,1153
3172,1187.12109375,1317
3173,504.65625,574
3174,562.359375,637
3175,154.2890625,199
3176,1480.2578125,1601
3177,496.97265625,556
3178,686.703125,791
3179,504.3828125,563
3180,1070.94140625,1182
3181,16.94921875,51
3182,416.8046875,469
3183,1179.203125,1316
3184,174.01953125,218
3185,506.51953125,565
3186,1454.21875,1587
3187,676.96875,784
3188,1207.36328125,1314
3189,1508.7265625,1604
3190,1190.9921875,1314
3191,1206.2890625,1314
3192,22.20703125,49
3193,1174.3515625,1317
3194,1415.75,1593
3195,752.86328125,827
3196,1430.63671875,1577
3197,1260.3125,1333
3198,708.734375,767
3199,1417.44921875,1585
3200,757.35546875,820
3201,1228.3515625,1342
3202,1509.09765625,1595
3203,756.375,819
3204,1416.40625,1591
3205,1245.19921875,1340
3206,749.76171875,819
3207,1196.71484375,1313
3208,930.16015625,1029
3209,1436.2109375,1587
3210,1184.79296875,1317
3211,1273.09765625,1343
3212,759.2421875,823
3213,1266.41015625,1343
3214,438.41796875,487
3215,437.2265625,492
3216,1198.35546875,1310
3217,1196.8046875,1314
3218,518.05859375,563
3219,1469.6796875,1582
3220,1465.8046875,1587
3221,1221.890625,1316
3222,507.53125,562
3223,1214.140625,1315
3224,1211.7421875,1314
3225,1204.7109375,1312
3226,404.125,470
3227,1186.3984375,1304
3228,476.73828125,555
3229,450.1796875,514
3230,813.55859375,937
3231,1428.4453125,1583
3232,501.39453125,557
3233,519.46484375,593
3234,496.9140625,568
3235,1190.35546875,1307
3236,1420.84765625,1585
3237,1487.85546875,1598
3238,271.98828125,332
3239,247.14453125,286
3240,178.1640625,219
3241,755.61328125,825
3242,142.63671875,183
3243,1282.09765625,1357
3244,1060.6015625,1154
3245,31.484375,70
3246,305.84375,368
3247,40.0546875,81
3248,76.4296875,114
3249,403.5,479
3250,92.24609375,127
3251,173.7890625,223
3252,101.60546875,139
3253,135.07421875,174
3254,622.87890625,708
3255,132.5625,186
3256,67.0078125,105
3257,39.96484375,73
3258,224.359375,269
3259,29.45703125,60
3260,99.06640625,134
3261,11.8125,45
3262,16.65234375,51
3263,87.8046875,132
3264,62.37890625,100
3265,2.234375,31
3266,74.890625,116
3267,6.8046875,40
3268,132.96875,196
3269,12.8828125,45
3270,49.359375,84
3271,257.6171875,314
3272,87.015625,121
3273,296.65625,353
3274,124.7890625,171
3275,742.3125,820
3276,1478.15234375,1585
3277,1230.48046875,1313
3278,1204.88671875,1313
3279,1201.0390625,1313
3280,478.0,562
3281,898.671875,999
3282,497.6796875,564
3283,1215.1171875,1314
3284,813.73046875,894
3285,119.5390625,169
3286,1413.3359375,1585
3287,250.83984375,292
3288,1403.5625,1586
3289,110.36328125,145
3290,731.95703125,823
3291,488.26171875,562
3292,491.10546875,563
3293,492.21484375,546
3294,739.890625,818
3295,726.19921875,818
3296,1467.14453125,1583
3297,496.45703125,557
3298,1213.90625,1311
3299,1453.0078125,1583
3300,1218.390625,1313
3301,730.4453125,823
3302,501.671875,556
3303,751.33984375,822
3304,486.18359375,558
3305,1468.60546875,1575
3306,661.51953125,751
3307,507.8828125,562
3308,753.41796875,823
3309,1472.9140625,1583
3310,753.90625,819
3311,503.1015625,556
3312,696.2265625,769
3313,1200.5078125,1338
3314,1195.18359375,1311
3315,356.56640625,420
3316,703.55078125,816
3317,1439.94140625,1591
3318,41.21484375,70
3319,389.85546875,446
3320,1458.10546875,1582
3321,832.20703125,913
3322,1477.91015625,1586
3323,554.71484375,631
3324,503.23046875,560
3325,745.39453125,818
3326,753.9609375,825
3327,1475.5625,1585
3328,1471.8203125,1587
3329,1218.6484375,1315
3330,755.83984375,819
3331,1206.03125,1312
3332,1464.1015625,1583
3333,753.83203125,829
3334,1459.49609375,1586
3335,1463.64453125,1584
3336,487.89453125,556
3337,1474.26171875,1587
3338,876.7890625,981
3339,441.3046875,507
3340,106.73828125,142
3341,608.90625,685
3342,1210.77734375,1311
3343,166.92578125,214
3344,341.5625,399
3345,290.28125,364
3346,228.8125,269
3347,514.23828125,597
3348,235.21484375,276
3349,320.109375,404
3350,1410.3359375,1586
3351,1439.30859375,1587
3352,496.25390625,556
3353,1219.81640625,1310
3354,497.7265625,556
3355,748.9140625,818
3356,747.4296875,818
3357,511.82421875,566
3358,739.484375,819
3359,1216.484375,1320
3360,499.375,556
3361,806.70703125,925
3362,409.54296875,484
3363,160.4765625,199
3364,1447.41015625,1582
3365,745.5,818
3366,1005.4921875,1138
3367,176.96875,246
3368,289.87890625,373
3369,308.8671875,401
3370,422.17578125,489
3371,47.8984375,84
3372,347.11328125,417
3373,1456.23828125,1586
3374,496.35546875,556
3375,1442.4140625,1586
3376,493.21484375,556
3377,736.68359375,818
3378,495.44140625,556
3379,748.140625,819
3380,1226.45703125,1313
3381,502.64453125,556
3382,499.75390625,554
3383,750.8671875,819
3384,503.12890625,555
3385,1194.89453125,1307
3386,500.78125,566
3387,1108.4375,1294
3388,727.6015625,820
3389,224.19140625,298
3390,592.77734375,716
3391,1408.25,1585
3392,654.62890625,764
3393,923.05859375,1039
3394,1012.30859375,1103
3395,12.7421875,39
3396,1220.76953125,1310
3397,1218.81640625,1312
3398,1476.22265625,1582
3399,513.98828125,562
3400,768.98046875,829
3401,1232.09765625,1313
3402,506.875,555
3403,434.33203125,492
3404,582.19140625,647
3405,212.30859375,266
3406,1219.37890625,1311
3407,761.21484375,820
3408,1192.48046875,1312
3409,118.3046875,156
3410,1202.1875,1314
3411,755.9140625,817
3412,1227.37890625,1312
3413,755.05078125,819
3414,1241.671875,1313
3415,759.265625,818
3416,517.171875,562
3417,1055.828125,1151
3418,502.3515625,560
3419,515.65625,560
3420,1228.875,1306
3421,1490.203125,1584
3422,1225.79296875,1310
3423,1490.09765625,1581
3424,400.61328125,449
3425,504.328125,558
3426,369.51171875,440
3427,492.546875,555
3428,1230.69921875,1339
3429,486.58984375,555
3430,1484.3203125,1586
3431,1475.75390625,1582
3432,1481.1015625,1577
3433,1237.234375,1312
3434,515.3125,563
3435,517.6015625,562
3436,1468.98046875,1581
3437,1215.2578125,1309
3438,1485.62109375,1585
3439,765.08984375,822
3440,1236.3125,1339
3441,760.6875,821
3442,1459.6171875,1584
3443,512.86328125,562
3444,396.55859375,457
3445,1236.4609375,1316
3446,1499.59765625,1583
3447,1498.17578125,1582
3448,519.5390625,560
3449,512.90625,556
3450,511.89453125,554
3451,1492.46484375,1583
3452,522.578125,563
3453,1222.03515625,1311
3454,1224.71875,1314
3455,1220.16796875,1314
3456,267.69140625,311
3457,272.33984375,320
3458,497.67578125,556
3459,747.0234375,823
3460,1460.30078125,1585
3461,739.90234375,820
3462,761.15625,824
3463,745.66015625,818
3464,1468.703125,1584
3465,511.33984375,558
3466,761.7890625,822
3467,500.84765625,557
3468,1208.4296875,1315
3469,1214.8828125,1313
3470,1201.44140625,1314
3471,1216.4375,1314
3472,1472.3359375,1582
3473,504.84375,557
3474,1211.7890625,1313
3475,1230.8359375,1315
3476,749.9296875,819
3477,515.39453125,562
3478,503.875,557
3479,1474.87890625,1582
3480,743.234375,820
3481,1215.90234375,1313
3482,145.59375,211
3483,497.83984375,556
3484,137.4921875,195
3485,126.33203125,166
3486,205.63671875,295
3487,261.0390625,310
3488,91.3125,144
3489,14.37109375,41
3490,739.6875,820
3491,186.5625,224
3492,743.3671875,820
3493,735.8125,823
3494,461.58984375,550
3495,461.33984375,558
3496,722.30078125,822
3497,1175.3984375,1315
3498,480.828125,555
3499,500.58203125,556
3500,1230.22265625,1315
3501,745.98046875,824
3502,753.9609375,830
3503,1193.60546875,1311
3504,268.80859375,311
3505,1454.3828125,1582
3506,1442.03515625,1582
3507,1470.3828125,1584
3508,1199.265625,1314
3509,1468.69921875,1584
3510,737.96875,817
3511,547.51171875,626
3512,487.1640625,554
3513,741.6953125,818
3514,880.87890625,984
3515,1185.52734375,1308
3516,499.328125,557
3517,496.8046875,556
3518,1420.484375,1582
3519,1421.14453125,1586
3520,454.25390625,511
3521,750.58203125,820
3522,500.46875,556
3523,92.9921875,126
3524,167.3515625,204
3525,746.5703125,823
3526,755.53125,818
3527,1484.02734375,1586
3528,497.203125,556
3529,380.46484375,431
3530,751.30859375,822
3531,1196.3359375,1310
3532,1221.9375,1312
3533,496.98828125,557
3534,489.24609375,561
3535,485.46875,560
3536,692.15625,823
3537,113.65625,146
3538,714.58203125,822
3539,485.00390625,558
3540,1467.24609375,1586
3541,1208.25,1313
3542,747.90625,818
3543,247.76171875,293
3544,501.625,558
3545,503.69140625,557
3546,736.0078125,817
3547,745.31640625,819
3548,751.58203125,823
3549,1471.7109375,1584
3550,1134.82421875,1240
3551,1223.70703125,1315
3552,1455.4375,1588
3553,207.3125,253
3554,498.96875,557
3555,1149.515625,1255
3556,652.8984375,743
3557,751.69921875,821
3558,496.10546875,552
3559,728.91796875,818
3560,736.9375,819
3561,730.8359375,819
3562,752.203125,821
3563,1204.90625,1317
3564,1219.21875,1315
3565,701.57421875,781
3566,746.2109375,821
3567,461.69140625,516
3568,1345.90625,1525
3569,409.1875,467
3570,512.0625,560
3571,507.5,560
3572,501.9296875,558
3573,501.33984375,559
3574,234.41015625,320
3575,140.14453125,188
3576,487.05859375,559
3577,18.9765625,50
3578,1212.49609375,1313
3579,734.84765625,816
3580,414.70703125,478
3581,506.25,561
3582,762.03125,826
3583,507.44921875,559
3584,1434.50390625,1576
3585,502.73828125,562
3586,854.14453125,930
3587,506.75,562
3588,688.4296875,751
3589,1213.3046875,1310
3590,119.6015625,156
3591,1203.88671875,1310
3592,1478.8359375,1587
3593,1470.63671875,1588
3594,1212.50390625,1315
3595,1467.3125,1585
3596,497.25,557
3597,495.5234375,555
3598,747.078125,824
3599,749.390625,820
3600,1194.86328125,1315
3601,385.64453125,431
3602,503.3046875,559
3603,499.40625,562
3604,190.20703125,227
3605,172.19140625,222
3606,1.5859375,29
3607,220.0546875,270
3608,724.37109375,822
3609,20.53515625,55
3610,144.8046875,184
3611,1461.14453125,1587
3612,1216.08203125,1311
3613,506.68359375,556
3614,503.8671875,559
3615,1500.30078125,1590
3616,1232.35546875,1312
3617,761.28515625,821
3618,767.85546875,823
3619,1497.48828125,1584
3620,1469.26953125,1581
3621,1197.86328125,1308
3622,754.91015625,824
3623,1205.3203125,1321
3624,1474.3671875,1582
3625,1207.61328125,1344
3626,1224.65625,1314
3627,1489.609375,1584
3628,506.9921875,557
3629,1512.890625,1587
3630,503.20703125,557
3631,503.39453125,557
3632,744.453125,819
3633,845.99609375,936
3634,739.00390625,819
3635,756.16015625,820
3636,495.859375,558
3637,1203.40234375,1314
3638,727.4375,816
3639,753.42578125,823
3640,496.44140625,552
3641,729.640625,820
3642,1487.78515625,1586
3643,1233.40625,1313
3644,1229.1484375,1311
3645,1228.0078125,1316
3646,496.13671875,555
3647,1485.4375,1586
3648,512.07421875,563
3649,748.95703125,821
3650,231.51171875,271
3651,1465.9453125,1580
3652,1472.078125,1588
3653,178.703125,231
3654,224.25,271
3655,475.078125,558
3656,742.234375,827
3657,1450.71484375,1587
3658,741.4609375,822
3659,502.75390625,559
3660,1501.3359375,1587
3661,771.6796875,830
3662,1224.20703125,1312
3663,409.0234375,465
3664,1204.6328125,1314
3665,742.1953125,823
3666,1186.48828125,1277
3667,265.46484375,320
3668,472.4140625,559
3669,1467.70703125,1582
3670,1484.765625,1585
3671,1494.015625,1583
3672,1231.29296875,1316
3673,1490.95703125,1587
3674,768.92578125,824
3675,1239.41015625,1313
3676,172.5078125,211
3677,1226.9453125,1314
3678,511.30859375,561
3679,1220.828125,1313
3680,377.93359375,433
3681,506.1640625,558
3682,190.2890625,237
3683,249.7578125,300
3684,505.359375,564
3685,1225.03125,1319
3686,1212.25,1315
3687,1468.89453125,1585
3688,478.21875,556
3689,1465.61328125,1593
3690,751.26171875,827
3691,738.6328125,818
3692,511.78125,565
3693,756.03515625,828
3694,1501.94921875,1587
3695,1468.5390625,1584
3696,761.6640625,825
3697,802.7578125,873
3698,1225.1484375,1315
3699,503.72265625,563
3700,1224.16796875,1338
3701,1027.6875,1118
3702,62.9453125,94
3703,758.24609375,851
3704,488.41796875,562
3705,1382.33984375,1520
3706,1242.03515625,1337
3707,503.47265625,557
3708,1479.73046875,1586
3709,1065.9453125,1165
3710,1214.984375,1313
3711,346.5234375,390
3712,399.57421875,454
3713,251.734375,287
3714,299.4453125,343
3715,181.01171875,228
3716,960.60546875,1034
3717,131.1640625,163
3718,416.55078125,474
3719,497.79296875,554
3720,205.30859375,284
3721,269.16015625,343
3722,1209.80859375,1310
3723,725.765625,822
3724,52.6015625,105
3725,1026.8984375,1213
3726,664.63671875,747
3727,40.77734375,86
3728,493.12109375,557
3729,501.11328125,576
3730,745.1328125,820
3731,1213.44921875,1310
3732,504.44140625,555
3733,81.3515625,116
3734,490.30078125,557
3735,719.9765625,821
3736,173.2109375,212
3737,188.62109375,253
